cluster_id,decision_id,decision_date,category,title,sanctions,amount,articles,case_type,snippet
0,10369,2026-01-14,기타,,,,,보유기간·파기 위반;민감정보·고유식별정보,1. 국민건강보험공단은 부당이득 징수 및 구상권 청구를 위하여 건강보험심사평가원으로부터 자동차보험 진료수가 심사와 건강보험 요양급여 심사가 중복 청구된 자동차사고 피해자의 성명ㆍ주민등록번호ㆍ사고일시ㆍ사고접수번호ㆍ상병코드ㆍ진료개시일ㆍ진료종료일ㆍ보험회사명을 제공받을 수 있다. 2. 국민건강보험공단은 부당이득 징수 및 구상권 ...
0,547,2021-09-29,개인정보 제공 요청,법무부의 특정경제사범 업무를 위한 개인정보 목적 외 이용 및 행정안전부ㆍ국세청ㆍ국민건강보험공단ㆍ대법원 보유 개인정보 제공 요청에 관한 건,,,,목적 외 이용,"1. 법무부는 특정경제사범 관리업무를 위하여 출입국정보 및 외국인정보를 이용할 수 있다. 2. 법무부는 특정경제사범 관리업무를 위하여 행정안전부로부터 주민등록상 주소 및 등록면허세 납부정보를, 국세청으로부터 사업자등록정보를, 국민건강보험공단으로부터 건강보험자격득실정보를, 대법원으로부터 법인등기사항정보 및 가족관계등록정보를..."
0,6909,2024-06-16,개인정보 제공 요청,한국사학진흥재단의 폐교대학 교직원 증명 발급 업무를 위한 국민건강보험공단 및 사립학교교직원연금공단 보유 개인정보 제공 요청에 관한 건,,,,목적 외 이용,"한국사학진흥재단은 「고등교육법」에 따라 폐지ㆍ폐쇄된 학교의 교직원에 대한 증명 발급 업무를 수행하기 위하여 입ㆍ퇴사일을 알 수 없는 교직원의 성명ㆍ생년월일ㆍ직장명을 국민건강보험공단 및 사립학교교직원연금공단에 제공하고, 국민건강보험공단으로부터 해당 교직원이 폐지ㆍ폐쇄된 학교의 교직원으로 사용된 날과 그 사용관계가 끝난 날의..."
0,8887,2024-06-16,개인정보 제공 요청,한국사학진흥재단의 폐교대학 교직원 증명 발급 업무를 위한 국민건강보험공단 및 사립학교교직원연금공단 보유 개인정보 제공 요청에 관한 건,,,,목적 외 이용,"한국사학진흥재단은 「고등교육법」에 따라 폐지ㆍ폐쇄된 학교의 교직원에 대한 증명 발급 업무를 수행하기 위하여 입ㆍ퇴사일을 알 수 없는 교직원의 성명ㆍ생년월일ㆍ직장명을 국민건강보험공단 및 사립학교교직원연금공단에 제공하고, 국민건강보험공단으로부터 해당 교직원이 폐지ㆍ폐쇄된 학교의 교직원으로 사용된 날과 그 사용관계가 끝난 날의..."
0,425,2021-11-24,개인정보 제공 요청,보건복지부의 아동학대관련범죄 전력자 취업제한명령 점검ㆍ확인을 위한 국민건강보험공단 보유 개인정보 제공 요청에 관한 건,,,,목적 외 이용,"보건복지부, 교육부, 문화체육부, 여성가족부, 국토교통부로부터 권한의 위임을 받은 특별시ㆍ광역시ㆍ도ㆍ특별자치도, 시ㆍ군ㆍ구 또는 교육청은 아동학대관련범죄 전력자의 취업제한명령 이행 여부 점검ㆍ확인을 위하여 아동관련기관을 운영하거나 아동관련기관에 취업 또는 노무를 제공하고 있는자의 성명, 주민등록번호 또는 외국인등록번호, ..."
0,429,2021-12-22,개인정보 제공 요청,국민건강보험공단의 장기요양인정 조사업무 수행을 위한 질병관리청 보유 개인정보 제공 요청에 관한 건,,,제3조,목적 외 이용,1. 국민건강보험공단은 장기요양인정 조사업무 수행을 위하여 질병관리청으로부터 신청인 및 참석인의 코로나 19 감염병 확진자 또는 자가격리 대상자 여부에 대한 정보를 각 제공받을 수 없다. 2. 「개인정보 보호법」 제3조 제2항에 따라 개인정보처리자는 개인정보를 처리목적에 필요한 범위에서 적합하게 처리해야 하므로 국민건강보...
0,973,2017-08-14,기타,2017 개인정보보호 연차보고서 국회 제출 건,,,제67조,유출·침해;민감정보·고유식별정보;정보주체 권리보장,2017 개인정보보호 연차보고서를 국회에 별첨과 같이 제출한다.
0,47,2018-08-13,기타,2018 개인정보보호 연차보고서 국회 제출 건,,,제67조,유출·침해;민감정보·고유식별정보;정보주체 권리보장,2018 개인정보보호 연차보고서를 국회에 별첨과 같이 제출한다.
0,423,2013-03-11,법규 위반·제재,인천광역시의 체납자 과태료 징수를 위한 개인정보 제3자 제공 요청 건,,,,유출·침해;제3자 제공,인천광역시의 국민건강보험공단에 대한 가입자 직장정보 제공요청의 건은 기각한다.
0,1829,2022-10-19,개인정보 제공 요청,세브란스병원의 환자 전원을 위한 국민건강보험공단 보유 개인정보 제공 요청에 관한 건,,,제18조,목적 외 이용,세브란스병원은 중국 국적의 의식이 없는 무연고 응급환자의 응급수술 후 보건복지부의'외국인근로자 등 의료지원사업’에 따른 의료비 지원 심사 및 국ㆍ공립 병원으로의 전원을 위하여 「개인정보 보호법」 제18조 제2항 제3호 따라 국민건강보험공단으로부터 근로사실 확인을 위한 건강보험 직장가입 정보를 제공받을 수 있다.
0,1089,2016-08-08,기타,2016 개인정보보호 연차보고서 국회 제출 건,,,제67조,유출·침해;정보주체 권리보장,2016 개인정보보호 연차보고서를 국회에 별첨과 같이 제출한다.
0,315,2015-08-10,기타,2015 개인정보보호 연차보고서 국회 제출,,,제67조,유출·침해;정보주체 권리보장,2015 개인정보보호 연차보고서를 국회에 별첨과 같이 제출한다.
0,5203,2023-07-12,개인정보 제공 요청,국민권익위원회의 과태료 부과 및 보호조치 등 업무 수행을 위한 개인정보 제공 요청에 관한 건,,,,목적 외 이용,국민권익위원회는 과태료 부과ㆍ보호조치 결정 및 이행강제금 부과 업무를 수행하기 위하여 과태료를 부과받은 자ㆍ불이익 조치를 한 자ㆍ이행강제금을 부과받은 자의 주소와 주민등록번호를 지방자치단체 또는 국민건강보험공단으로부터 제공받을 수 있다.
0,943,2014-08-11,기타,「2014 개인정보보호 연차보고서」 국회 제출 건,,,제67조,유출·침해;정보주체 권리보장,「2014 개인정보보호 연차보고서」를 별첨과 같이 의결 한다.
0,407,2021-11-24,개인정보 제공 요청,공직자윤리위원회의 재산등록 심사를 위한 국민건강보험공단 보유 개인정보 제공에 관한 건,,,제8조,목적 외 이용,국민건강보험공단은 「공직자윤리법」 제8조 제4항에 근거하여 공직자 재산등록 심사를 위해 '등록의무자의 모(母)가 2017. 1. 1.부터 2021. 현재까지 진료받은 요양기관명과 진료개시일’을 공직자윤리위원회에 제공할 수 없다.
1,2479,2023-05-10,침해요인 평가,「동물용 의약품등 취급규칙」 일부개정안에 대한 개인정보 침해요인 평가 결과,개선권고,,제11조;제14조;제15조;제18조;제20조;제24조의2;제38조;제40조;제4조;제4조의2;제61조;제81조,,1. 「동물용 의약품등 취급규칙」일부개정안(농림축산식품부 조류인플루엔자방역과 제2023-3227호) 제61조 각 호의 사무 수행을 위해 「개인정보 보호법」제24조의2에 따라 대통령령 이상에 주민등록번호 처리 근거를 마련할 것을 권고한다. 2. 「동물용 의약품등 취급규칙」일부개정안(농림축산식품부 조류인플루엔자방역과 제202...
1,2215,2023-03-08,침해요인 평가,「농업기계화 촉진법 시행규칙」일부개정안에 대한 개인정보 침해요인 평가 결과,개선권고,,,,1.「농업기계화 촉진법 시행규칙」일부개정안(농림축산식품부 첨단기자재종자과-472) 별지 제13호서식에서 제조(수입)업자의 “주소”를 “사업장 소재지” 또는 “소재지”로 변경할 것을 권고한다. 2.「농업기계화 촉진법 시행규칙」일부개정안(농림축산식품부 첨단기자재종자과-472) 별지 제14호서식에서 판매자의 “주소”를 “사업장...
1,5031,2023-07-26,침해요인 평가,「종자산업법 시행규칙」 일부개정안에 대한 개인정보 침해요인 평가 결과,개선권고,,,,"1. 「종자산업법 시행규칙」일부개정안(농림축산식품부 첨단기자재종자과 제2023-2983호) 별지 제17호의2서식, 별지 제17호의3서식, 별지 제22호의2서식, 별지 제22호의3서식, 별지 제26호의2서식, 별지 제26호의3서식에서 외국인 대표자의 국적 기재란을 삭제할 것을 권고한다. 2. 「종자산업법 시행규칙」일부개정안..."
1,385,2022-02-09,침해요인 평가,「가축전염병 예방법 시행규칙」일부개정안에 대한 개인정보 침해요인 평가 결과,개선권고,,,,"「가축전염병 예방법 시행규칙」일부개정안(농림축산식품부공고 제2022-10호) 별지 제1호의15서식에서 점검자의 전화번호, 주소임을 명확히 하고, 점검내용 중 '축산계열화사업자에 관한 정보(계약사육농가만 해당)’는 '계약사육농가에 관한 정보’로 수정하고, 개인정보 및 위치정보 수집ㆍ이용ㆍ제공 동의서는 점검자 및 계약사육농가..."
1,10113,2025-09-24,침해요인 평가,「농업ㆍ농촌 및 식품산업 기본법 시행령 및 시행규칙」 일부개정안에 대한 개인정보 침해요인 평가에 관한 건,개선권고,,,,"「농업ㆍ농촌 및 식품산업 기본법 시행규칙」 일부개정안(농림축산식품부 식생활소비정책과-3447호) 별지 제1호서식 및 별지 제2호서식에서 '건강에 관한 정보’, '주민등록번호’ 및 '외국인등록번호’를 처리하기 위하여 같은 법 시행령 일부개정안(농림축산식품부 식생활소비정책과-3446호)에 그 처리근거를 마련할 것을 권고한다."
1,6377,2023-12-13,침해요인 평가,「농촌공간 재구조화 및 재생지원에 관한 법률 시행령」제정안에 대한 개인정보 침해요인 평가에 관한 건,개선권고,,제15조,,"「농촌공간 재구조화 및 재생지원에 관한 법률 시행령」 제정안(농림축산식품부 농촌정책과-3858호) 제15조 제2항 및 제3항에 근거한 주민협정체결 인가사항의 공고ㆍ열람의 경우, 협정체결자 및 주민협의회 구성원의 성명 및 주소가 포함되지 않도록 하고, 별지 제2호서식에서 대표자 주소 및 전화번호를 삭제할 것을 권고한다."
1,8383,2023-12-13,침해요인 평가,「농촌공간 재구조화 및 재생지원에 관한 법률 시행령」제정안에 대한 개인정보 침해요인 평가에 관한 건,개선권고,,제15조,,"「농촌공간 재구조화 및 재생지원에 관한 법률 시행령」 제정안(농림축산식품부 농촌정책과-3858호) 제15조 제2항 및 제3항에 근거한 주민협정체결 인가사항의 공고ㆍ열람의 경우, 협정체결자 및 주민협의회 구성원의 성명 및 주소가 포함되지 않도록 하고, 별지 제2호서식에서 대표자 주소 및 전화번호를 삭제할 것을 권고한다."
1,2369,2023-04-12,침해요인 평가,「농수산물의 원산지 표시 등에 관한 법률 시행령」 일부개정안에 대한 개인정보 침해요인 평가 결과,개선권고,,제9조의2,,"「농수산물의 원산지 표시 등에 관한 법률 시행령」 일부개정안(농림축산식품부 농축산위생품질팀-1400호) 제9조의2에서 “여권번호, 운전면허의 면허번호 또는 외국인등록번호가 포함된 자료를 처리할 수 있다.”를 “여권번호 또는 외국인등록번호가 포함된 자료를 처리할 수 있다.”로 수정할 것을 권고한다."
1,1973,2023-01-18,침해요인 평가,「동물보호법 시행규칙」 일부개정안에 대한 개인정보 침해요인 평가 결과,개선권고,,,,"「동물보호법 시행규칙」일부개정안(동물복지정책과-5639호) 별지 제7호 내지 제10호, 제32호서식 신고인란에서 “주소”를 “주소(소재지)”로 변경하고, 별지 제17호서식에서 수의사 이름을 삭제하고, 별지 제33호서식 대표자란에서 주민등록번호, 주소, 전화번호를 삭제할 것을 권고한다."
1,6439,2024-01-10,침해요인 평가,「기능성 양잠산업 육성 및 지원에 관한 법률 시행규칙」제정안에 대한 개인정보 침해요인 평가에 관한 건,개선권고,,,,「기능성 양잠산업 육성 및 지원에 관한 법률 시행규칙」 제정안(농림축산식품부 그린바이오산업팀-3924호) 별지 제1호서식 및 별지 제2호서식에서 “대표자 주소”는 삭제할 것을 권고한다.
1,8449,2024-01-10,침해요인 평가,「기능성 양잠산업 육성 및 지원에 관한 법률 시행규칙」제정안에 대한 개인정보 침해요인 평가에 관한 건,개선권고,,,,「기능성 양잠산업 육성 및 지원에 관한 법률 시행규칙」 제정안(농림축산식품부 그린바이오산업팀-3924호) 별지 제1호서식 및 별지 제2호서식에서 “대표자 주소”는 삭제할 것을 권고한다.
1,6593,2024-05-22,침해요인 평가,「농촌 지역 공동체 기반 경제ㆍ사회 서비스 활성화에 관한 법률 시행규칙」제정안에 대한 개인정보 침해요인 평가에 관한 건,,,,,「농촌 지역 공동체 기반 경제ㆍ사회 서비스 활성화에 관한 법률 시행규칙」제정안(농림축산식품부공고 제2024-209호)에 대하여 원안 동의한다.
1,8561,2024-05-22,침해요인 평가,「농촌 지역 공동체 기반 경제ㆍ사회 서비스 활성화에 관한 법률 시행규칙」제정안에 대한 개인정보 침해요인 평가에 관한 건,,,,,「농촌 지역 공동체 기반 경제ㆍ사회 서비스 활성화에 관한 법률 시행규칙」제정안(농림축산식품부공고 제2024-209호)에 대하여 원안 동의한다.
1,1795,2022-10-26,침해요인 평가,「인삼산업법 시행규칙」일부개정안에 대한 개인정보 침해요인 평가 결과,개선권고,,,,"「인삼산업법 시행규칙」일부개정안(농림축산식품부공고 제2022-372호) 별지 제1호서식 동의서 2. “생산ㆍ유통 자율조절 등”에서 “등”을 삭제하고, 개인정보 보유ㆍ이용기간, 동의 거부 및 거부에 따른 불이익을 추가로 고지할 것을 권고한다."
1,6583,2024-05-22,침해요인 평가,「농촌 지역 공동체 기반 경제ㆍ사회 서비스 활성화에 관한 법률 시행령」제정안에 대한 개인정보 침해요인 평가에 관한 건,,,,,「농촌 지역 공동체 기반 경제ㆍ사회 서비스 활성화에 관한 법률 시행령」제정안(농림축산식품부공고 제2024-208호)에 대하여 원안 동의한다.
2,5279,2023-05-10,법규 위반·제재,,과징금;과태료,5.0억원,제24조;제24조의2;제29조;제2조;제34조;제34조의2;제63조;제75조;제7조;제8조,유출·침해;동의·고지 위반;안전조치 미흡;민감정보·고유식별정보,"Ⅰ. 기초 사실 피심인은 「개인정보 보호법」('이하 “보호법”이라 한다.) 제2조제6호에 따른 공공기관으로, 같은 법 제2조제5호에 따른 개인정보처리자이며 일반현황은 다음과 같다. <img src=""/LSW/flDownload.do?flSeq=135156359"" alt=""1번째 이미지""></img> Ⅱ. 사실조사 결과 개..."
2,5289,2023-05-10,법규 위반·제재,,과징금;과태료,1.0억원,제21조;제24조;제2조;제30조;제34조;제34조의2;제40조의2;제5조;제63조;제6조;제75조;제76조;제8조,유출·침해;동의·고지 위반;안전조치 미흡;민감정보·고유식별정보;정보주체 권리보장,"Ⅰ. 기초 사실 피심인은 「개인정보 보호법」('이하 “보호법”이라 한다.) 제2조제6호에 따른 공공기관으로, 같은 법 제2조제5호에 따른 개인정보처리자이며 일반현황은 다음과 같다. <img src=""/LSW/flDownload.do?flSeq=135156457"" alt=""1번째 이미지""></img> Ⅱ. 사실조사 결과 개..."
2,6261,2023-03-22,법규 위반·제재,개인정보보호 법규 위반행위에 대한 시정조치에 관한 건,과징금;과태료,9800만원,제29조;제39조의15;제39조의4;제48조의11;제48조의2;제4조;제5조;제63조;제6조;제75조;제7조;제8조,유출·침해;동의·고지 위반;안전조치 미흡;정보주체 권리보장,"1. 피심인 에 대하여 다음과 같이 과징금과 과태료를 부과한다. 가. 과 징 금 : 98,000,000원 나. 과 태 료 : 3,600,000원 다. 납부기한 : 고지서에 명시된 납부기한 이내 라. 납부장소 : 한국은행 국고수납 대리점"
2,8273,2023-03-22,법규 위반·제재,개인정보보호 법규 위반행위에 대한 시정조치에 관한 건,과징금;과태료,9800만원,제29조;제39조의15;제39조의4;제48조의11;제48조의2;제4조;제5조;제63조;제6조;제75조;제7조;제8조,유출·침해;동의·고지 위반;안전조치 미흡;정보주체 권리보장,"1. 피심인 에 대하여 다음과 같이 과징금과 과태료를 부과한다. 가. 과 징 금 : 98,000,000원 나. 과 태 료 : 3,600,000원 다. 납부기한 : 고지서에 명시된 납부기한 이내 라. 납부장소 : 한국은행 국고수납 대리점"
2,10489,2025-11-20,법규 위반·제재,개인정보보호 법규 위반행위에 대한 시정조치에 관한 건,과징금;과태료;공표명령,6060만원,제10조;제11조;제19조의2;제29조;제2조;제30조;제34조;제39조;제40조;제60조의2;제63조;제64조의2;제66조;제6조;제75조;제76조;제7조;제8조;제9조,유출·침해;동의·고지 위반;안전조치 미흡;민감정보·고유식별정보;정보주체 권리보장,"1. 피심인에 대하여 다음과 같이 과징금 및 과태료를 부과한다. 가. 과 징 금 : 60,600,000 나. 과 태 료 : 5,400,000 다. 납부기한 : 고지서에 명시된 납부기한 이내 라. 납부장소 : 한국은행 국고수납 대리점 2. 피심인의 처분등에 대한 통지를 받은 날부터 1개월 이내 당해 처분등을 받은 사실 등을..."
2,6027,2023-07-26,법규 위반·제재,개인정보보호 법규 위반행위에 대한 시정조치에 관한 건,과태료;공표명령;개선권고,2160만원,제18조;제23조;제29조;제2조;제30조;제5조;제61조;제63조;제66조;제75조;제7조;제8조,유출·침해;동의·고지 위반;안전조치 미흡;민감정보·고유식별정보,"1. 피심인에 대하여 다음과 같이 과태료를 부과한다. 가. 과 태 료 : 21,600,000원 나. 납부기한 : 고지서에 명시된 납부기한 이내 다. 납부장소 : 한국은행 국고수납 대리점 2. 피심인 산하 종합병원에 대하여 다음과 같이 개선할 것을 권고한다. 가. 개인정보 유출이 발생한 개인정보처리시스템을 포함하여 피심인이..."
2,8005,2023-07-26,법규 위반·제재,개인정보보호 법규 위반행위에 대한 시정조치에 관한 건,과태료;공표명령;개선권고,2160만원,제18조;제23조;제29조;제2조;제30조;제5조;제61조;제63조;제66조;제75조;제7조;제8조,유출·침해;동의·고지 위반;안전조치 미흡;민감정보·고유식별정보,"1. 피심인에 대하여 다음과 같이 과태료를 부과한다. 가. 과 태 료 : 21,600,000원 나. 납부기한 : 고지서에 명시된 납부기한 이내 다. 납부장소 : 한국은행 국고수납 대리점 2. 피심인 산하 종합병원에 대하여 다음과 같이 개선할 것을 권고한다. 가. 개인정보 유출이 발생한 개인정보처리시스템을 포함하여 피심인이..."
2,7163,2024-08-28,법규 위반·제재,개인정보보호 법규 위반행위에 대한 시정조치에 관한 건,과태료,1900만원,제13조;제18조;제2조;제31조의2;제32조의3;제33조;제34조;제35조;제36조;제5조;제62조;제63조;제68조;제6조;제75조;제7조;제7조의8,유출·침해;동의·고지 위반;처리위탁;정보주체 권리보장,"피심인에 대하여 다음과 같이 과태료를 부과한다. 가. 과 태 료 : 19,000,000원 나. 납부기한 : 고지서에 명시된 납부기한 이내 다. 납부장소 : 한국은행 국고수납 대리점"
2,9149,2024-08-28,법규 위반·제재,개인정보보호 법규 위반행위에 대한 시정조치에 관한 건,과태료,1900만원,제13조;제18조;제2조;제31조의2;제32조의3;제33조;제34조;제35조;제36조;제5조;제62조;제63조;제68조;제6조;제75조;제7조;제7조의8,유출·침해;동의·고지 위반;처리위탁;정보주체 권리보장,"피심인에 대하여 다음과 같이 과태료를 부과한다. 가. 과 태 료 : 19,000,000원 나. 납부기한 : 고지서에 명시된 납부기한 이내 다. 납부장소 : 한국은행 국고수납 대리점"
2,6039,2023-07-26,법규 위반·제재,개인정보보호 법규 위반행위에 대한 시정조치에 관한 건,과태료;공표명령;개선권고,1680만원,제11조;제18조;제23조;제29조;제2조;제30조;제5조;제61조;제63조;제66조;제75조;제7조;제8조,유출·침해;동의·고지 위반;안전조치 미흡;민감정보·고유식별정보,"1. 피심인에 대하여 다음과 같이 과태료를 부과한다. 가. 과 태 료 : 16,800,000원 나. 납부기한 : 고지서에 명시된 납부기한 이내 다. 납부장소 : 한국은행 국고수납 대리점 2. 피심인 산하 종합병원에 대하여 다음과 같이 개선할 것을 권고한다. 가. 개인정보 유출이 발생한 개인정보처리시스템을 포함하여 피심인이..."
2,8011,2023-07-26,법규 위반·제재,개인정보보호 법규 위반행위에 대한 시정조치에 관한 건,과태료;공표명령;개선권고,1680만원,제11조;제18조;제23조;제29조;제2조;제30조;제5조;제61조;제63조;제66조;제75조;제7조;제8조,유출·침해;동의·고지 위반;안전조치 미흡;민감정보·고유식별정보,"1. 피심인에 대하여 다음과 같이 과태료를 부과한다. 가. 과 태 료 : 16,800,000원 나. 납부기한 : 고지서에 명시된 납부기한 이내 다. 납부장소 : 한국은행 국고수납 대리점 2. 피심인 산하 종합병원에 대하여 다음과 같이 개선할 것을 권고한다. 가. 개인정보 유출이 발생한 개인정보처리시스템을 포함하여 피심인이..."
2,6279,2021-06-23,법규 위반·제재,개인정보보호 법규 위반행위에 대한 시정조치에 관한 건,과태료;시정명령,1400만원,제15조;제28조;제3조;제4조;제64조;제6조;제74조;제76조;제7조;제8조,유출·침해;동의·고지 위반;안전조치 미흡;접근권한·내부통제;정보주체 권리보장,"1. 피심인 주식회사 에 대하여 다음과 같이 시정조치를 명한다. 가. 피심인은 개인정보의 안전성 확보 등을 위하여 개인정보가 열람권한이 없는 자에게 공개되지 않도록 보호조치를 준수하여야 한다. 나. 피심인은 대표자를 비롯하여 개인정보 보호책임자 및 개인정보취급자를 대상으로 정기적인 교육을 실시하고, 재발방지대책을 수립하여..."
2,8287,2021-06-23,법규 위반·제재,개인정보보호 법규 위반행위에 대한 시정조치에 관한 건,과태료;시정명령,1400만원,제15조;제28조;제3조;제4조;제64조;제6조;제74조;제76조;제7조;제8조,유출·침해;동의·고지 위반;안전조치 미흡;접근권한·내부통제;정보주체 권리보장,"1. 피심인 주식회사 에 대하여 다음과 같이 시정조치를 명한다. 가. 피심인은 개인정보의 안전성 확보 등을 위하여 개인정보가 열람권한이 없는 자에게 공개되지 않도록 보호조치를 준수하여야 한다. 나. 피심인은 대표자를 비롯하여 개인정보 보호책임자 및 개인정보취급자를 대상으로 정기적인 교육을 실시하고, 재발방지대책을 수립하여..."
2,9831,2025-05-14,법규 위반·제재,개인정보보호 법규 위반행위에 대한 시정조치에 관한 건,과태료;공표명령,1200만원,제11조;제22조;제24조;제24조의2;제29조;제2조;제30조;제63조;제66조;제6조;제75조;제7조;제8조,유출·침해;동의·고지 위반;제3자 제공;안전조치 미흡;민감정보·고유식별정보;정보주체 권리보장,"1. 피심인에 대하여 다음과 같이 과태료를 부과한다. 가. 과 태 료 : 12,000,000원 나. 납부기한 : 고지서에 명시된 납부기한 이내 다. 납부장소 : 한국은행 국고수납 대리점 2. 피심인에 대하여 다음과 같이 법 위반 내용 및 처분 결과를 피심인의 홈페이지에 공표할 것을 명령한다. 가. 피심인은 처분 등에 대한..."
2,2025,2022-11-30,법규 위반·제재,개인정보보호 법규 위반행위에 대한 시정조치에 관한 건,과태료;공표명령,1200만원,제17조;제18조;제29조;제2조;제48조의2;제4조;제5조;제61조;제63조;제66조;제75조,유출·침해;동의·고지 위반;안전조치 미흡;접근권한·내부통제,"1. 피심인에 대하여 다음과 같이 과태료를 부과한다. 가. 과 태 료 : 12,000,000원 나. 납부기한 : 고지서에 명시된 납부기한 이내 다. 납부장소 : 한국은행 국고수납 대리점 2. 피심인의 법 위반행위에 따른 행정처분의 내용 및 결과를 개인정보보호위원회 홈페이지에 공표한다."
3,6271,2023-05-26,침해요인 평가,「주민등록법 시행령」 일부개정안에 대한 개인정보 침해요인 평가 결과,개선권고,,제20조;제24조의2;제41조의2;제47조;제60조의2,,"1.「주민등록법 시행령」일부개정안(행정안전부공고 제2023-668호) 제60조의2 제1항 본문에서 외국인등록번호에 “다만, 제7호의2사무 중 제20조 제3항에 따른 세대주 변경 통보 서비스, 제41조의2에 따른 주민등록증 발급사실 등의 통보 서비스, 제47조 제8항에 따른 주민등록표의 열람 또는 등ㆍ초본의 교부사실 통보 ..."
3,8283,2023-05-26,침해요인 평가,「주민등록법 시행령」 일부개정안에 대한 개인정보 침해요인 평가 결과,개선권고,,제20조;제24조의2;제41조의2;제47조;제60조의2,,"1.「주민등록법 시행령」일부개정안(행정안전부공고 제2023-668호) 제60조의2 제1항 본문에서 외국인등록번호에 “다만, 제7호의2사무 중 제20조 제3항에 따른 세대주 변경 통보 서비스, 제41조의2에 따른 주민등록증 발급사실 등의 통보 서비스, 제47조 제8항에 따른 주민등록표의 열람 또는 등ㆍ초본의 교부사실 통보 ..."
3,639,2022-02-23,침해요인 평가,「데이터 산업진흥 및 이용촉진에 관한 기본법 시행령」 제정안에 대한 개인정보 침해요인 평가 결과,개선권고,,제41조,,"1. 「데이터 산업진흥 및 이용촉진에 관한 기본법 시행령」 제정안(과학기술정보통신부 데이터진흥과-346호) 제41조 제1항에서 '주민등록번호, 여권번호, 운전면허의 면허번호 또는 외국인등록번호가 포함된 자료’에서 '운전면허의 면허번호’를 삭제할 것을 권고한다. 2. 「데이터 산업진흥 및 이용촉진에 관한 기본법 시행령」 제..."
3,1929,2022-12-14,침해요인 평가,「농업ㆍ농촌 공익기능 증진 직접지불제도 운영에 관한 법률 시행령」 일부개정안에 대한 개인정보 침해요인 평가 결과,개선권고,,제15조;제18조;제23조;제64조,,"「농업ㆍ농촌 공익기능 증진 직접지불제도 운영에 관한 법률 시행령」일부개정안(공익직불정책과-3312호) 제64조제1항에서 “「노인장기요양보험법」제15조에 따른 장기요양보험 등급판정에 관한 자료”를 “「개인정보 보호법」제23조에 따른 건강에 관한 정보(제5호, 제11호, 제12호 사무로 한정한다)”로 변경하고, “같은 법 시..."
3,2277,2023-03-08,침해요인 평가,「조세특례제한법 시행규칙」 일부개정안에 대한 개인정보 침해요인 평가 결과,개선권고,,,,1. 「조세특례제한법 시행규칙」일부개정안(기획재정부 조세정책과-329호) 별지 제11호의7서식의 '가업현황’란에서 주민등록번호를 삭제하거나 생년월일로 변경할 것을 권고한다. 2. 「조세특례제한법 시행규칙」일부개정안(기획재정부 조세정책과-329호) 별지 제11호의11서식의 '대상가업’란에서 주민등록번호를 삭제하거나 생년월일...
3,53,2022-03-23,침해요인 평가,「중소기업창업 지원법 시행령」 전부개정안에 대한 개인정보 침해요인 평가 결과,개선권고,,제39조;제41조;제9조,,1.「중소기업창업 지원법 시행령」전부개정안(중소벤처기업부공고 제2022-126호) 제9조에 정보주체로부터 별도의 동의를 받는 규정을 추가할 것을 권고한다. 2.「중소기업창업 지원법 시행령」전부개정안(중소벤처기업부공고 제2022-126호) 제39조에 정보주체로부터 별도의 동의를 받는 규정을 추가할 것을 권고한다. 3.「중소...
3,1947,2022-12-14,침해요인 평가,「국군포로의 송환 및 대우 등에 관한 법률 시행령」 일부개정안에 대한 개인정보 침해요인 평가 결과,개선권고,,제17조;제18조;제19조,,"「국군포로의 송환 및 대우 등에 관한 법률 시행령」 일부개정안(국방부 군비통제비확산정책과-1402호) 제17조에서 조문제목을 '민감정보 및 고유식별정보의 처리’로 변경하고, '「개인정보 보호법 시행령」 제19조제1호에 따른 주민등록번호가 포함된 자료’를 '「개인정보 보호법 시행령」 제18조제1호에 따른 유전정보(제1호에 ..."
3,2167,2023-02-22,침해요인 평가,「기술보증기금법 시행령」 일부개정안에 대한 개인정보 침해요인 평가 결과,개선권고,,제28조;제30조의2,,"「기술보증기금법 시행령」일부개정안(중소벤처기업부공고 제2023-29호) 제30조의2제1항제1호에서 “법 제28조제1항제1호부터 제3호까지, 제3호의2, 제4호부터 제7호까지, 제9호 및 제10호에 따른 기금의 업무에 관한 사무”를 “법 제28조제1항제1호부터 제3호까지, 제3호의2, 제4호, 제5호부터 제7호까지, 제9호..."
3,10427,2026-04-08,침해요인 평가,「전자상거래 등에서의 소비자보호에 관한 법률 시행령」 일부개정안에 대한 개인정보 침해요인 평가에 관한 건,개선권고,,제20조의4;제25조의3,,「전자상거래 등에서의 소비자보호에 관한 법률 시행령」일부개정안(소비자거래정책과-446호)에서 법 제20조의4제2항제3호 및 시행령 개정안 제25조의3에 따라 개인 판매자에게 소비자에 대한 신원정보 제공 동의를 받는 경우 제공 항목을 명시하고 신원 특정에 필요한 최소한의 정보만 제공하는 등 개인 판매자 개인정보 보호 및 침...
3,393,2022-02-09,침해요인 평가,「전기통신사업법 시행령」 일부개정안에 대한 개인정보 침해요인 평가 결과,개선권고,,제36조;제36조의1;제42조;제6조의2,,1. 「전기통신사업법 시행령」일부개정안(과학기술정보통신부 통신경쟁정책과-129호) 제6조의2 제2항에서 '「전자정부법」제36조의1항에 따른’을 '「전자정부법」제36조제1항 및 같은 법 제42조에 따라’로 수정할 것을 권고한다. 2. 「전기통신사업법 시행령」 일부개정안(과학기술정보통신부 통신경쟁정책과-129호) 제6조의2 ...
3,19,2022-04-13,침해요인 평가,「소방의 화재조사에 관한 법률 시행령」 제정안에 대한 개인정보 침해요인 평가 결과,개선권고,,제19조;제23조,,"「소방의 화재조사에 관한 법률 시행령」 제정안(소방청 화재대응조사과-1547호) 제23조에서 '「개인정보 보호법 시행령」 제19조에 따른 정보가 포함된 자료’를 '「개인정보 보호법 시행령」 제19조 각 호에 따른 주민등록번호, 여권번호, 운전면허의 면허번호 또는 외국인등록번호가 포함된 자료’로 수정하고, 제1호 내지 6호..."
3,5877,2024-03-13,침해요인 평가,「국제조세조정에 관한 법률 시행규칙」일부개정안에 대한 개인정보 침해요인 평가에 관한 건,개선권고,,,,1. 「국제조세조정에 관한 법률 시행규칙」일부개정안(기획재정부 조세정책과-311호) 별지 제38호서식에서 위임받은 사람의 “주민등록번호”를 “생년월일”로 수정할 것을 권고한다. 2. 「국제조세조정에 관한 법률 시행규칙」일부개정안(기획재정부 조세정책과-311호) 별지 제51호의2서식에서 대리인의 “주민등록번호”를 “생년월일...
3,7853,2024-03-13,침해요인 평가,「국제조세조정에 관한 법률 시행규칙」일부개정안에 대한 개인정보 침해요인 평가에 관한 건,개선권고,,,,1. 「국제조세조정에 관한 법률 시행규칙」일부개정안(기획재정부 조세정책과-311호) 별지 제38호서식에서 위임받은 사람의 “주민등록번호”를 “생년월일”로 수정할 것을 권고한다. 2. 「국제조세조정에 관한 법률 시행규칙」일부개정안(기획재정부 조세정책과-311호) 별지 제51호의2서식에서 대리인의 “주민등록번호”를 “생년월일...
3,601,2022-05-11,침해요인 평가,「정보통신공사업법 시행령」 일부개정안에 대한 개인정보 침해요인 평가 결과,개선권고,,제39조;제9조,,1. 「정보통신공사업법 시행령」 일부개정안(과학기술정보통신부공고 제2022-450호) 제9조에서 '주민등록표 등ㆍ초본이나 가족관계등록부’를 '주민등록표초본’으로 변경할 것을 권고한다. 2. 「정보통신공사업법 시행령」 일부개정안(과학기술정보통신부공고 제2022-450호) 제39조에서 '주민등록표 등ㆍ초본이나 가족관계등록부’...
3,2279,2023-03-08,침해요인 평가,「상속세 및 증여세법 시행규칙」 일부개정안에 대한 개인정보 침해요인 평가 결과,개선권고,,,,1. 「상속세 및 증여세법 시행규칙」일부개정안(기획재정부 조세정책과-329호) 별지 제1호의2서식의 '가업현황’란에서 주민등록번호를 삭제하거나 생년월일로 변경할 것을 권고한다. 2. 「상속세 및 증여세법 시행규칙」일부개정안(기획재정부 조세정책과-329호) 별지 제1호의3서식의 '대상가업’란에서 주민등록번호를 삭제하거나 생...
4,10251,2025-11-20,법규 위반·제재,공공시스템 운영기관 실태점검 결과 및 시정조치에 관한 건,공표명령;개선권고,,제29조;제2조;제30조;제30조의2;제3조;제63조의2;제66조;제6조,유출·침해;안전조치 미흡,"1. 피심인에 대하여 다음과 같이 시정을 권고한다. 가. 피심인은 운영중인 공공시스템(집중관리시스템)에 대해 보호법 시행령 제30조의2에 따른 10대 과제 점검 결과, 이행이 미흡한 사항에 대해 시정할 것 나. 피심인은 가.의 권고 조치를 이행하고, 시정권고 통지를 받은 날로부터 90일 이내에 개인정보보호위원회에 이행 결..."
4,10265,2025-11-20,법규 위반·제재,공공시스템 운영기관 실태점검 결과 및 시정조치에 관한 건,공표명령;개선권고,,제29조;제2조;제30조;제30조의2;제3조;제63조의2;제66조;제6조,유출·침해;안전조치 미흡,"1. 피심인에 대하여 다음과 같이 시정을 권고한다. 가. 피심인은 운영중인 공공시스템(집중관리시스템)에 대해 보호법 시행령 제30조의2에 따른 10대 과제 점검 결과, 이행이 미흡한 사항에 대해 시정할 것 나. 피심인은 가.의 권고 조치를 이행하고, 시정권고 통지를 받은 날로부터 90일 이내에 개인정보보호위원회에 이행 결..."
4,10211,2025-11-20,법규 위반·제재,공공시스템 운영기관 실태점검 결과 및 시정조치에 관한 건,공표명령;개선권고,,제29조;제2조;제30조;제30조의2;제3조;제63조의2;제66조;제6조,유출·침해;안전조치 미흡,"1. 피심인에 대하여 다음과 같이 시정을 권고한다. 가. 피심인은 운영중인 공공시스템(집중관리시스템)에 대해 보호법 시행령 제30조의2에 따른 10대 과제 점검 결과, 이행이 미흡한 사항에 대해 시정할 것. 나. 피심인은 가.의 권고 조치를 이행하고, 시정권고 통지를 받은 날로부터 90일 이내에 개인정보보호위원회에 이행 ..."
4,10267,2025-11-20,법규 위반·제재,공공시스템 운영기관 실태점검 결과 및 시정조치에 관한 건,공표명령;개선권고,,제29조;제2조;제30조;제30조의2;제3조;제63조의2;제66조;제6조,유출·침해;안전조치 미흡,"1. 피심인에 대하여 다음과 같이 시정을 권고한다. 가. 피심인은 운영중인 공공시스템(집중관리시스템)에 대해 보호법 시행령 제30조의2에 따른 10대 과제 점검 결과, 이행이 미흡한 사항에 대해 시정할 것 나. 피심인은 가.의 권고 조치를 이행하고, 시정권고 통지를 받은 날로부터 90일 이내에 개인정보보호위원회에 이행 결..."
4,10225,2025-11-20,법규 위반·제재,공공시스템 운영기관 실태점검 결과 및 시정조치에 관한 건,공표명령;개선권고,,제29조;제2조;제30조;제30조의2;제3조;제63조의2;제66조;제6조,유출·침해;안전조치 미흡,"1. 피심인에 대하여 다음과 같이 시정을 권고한다. 가. 피심인은 운영중인 공공시스템(집중관리시스템)에 대해 보호법 시행령 제30조의2에 따른 10대 과제 점검 결과, 이행이 미흡한 사항에 대해 시정할 것 나. 피심인은 가.의 권고 조치를 이행하고, 시정권고 통지를 받은 날로부터 90일 이내에 개인정보보호위원회에 이행 결..."
4,10239,2025-11-20,법규 위반·제재,공공시스템 운영기관 실태점검 결과 및 시정조치에 관한 건,공표명령;개선권고,,제29조;제2조;제30조;제30조의2;제3조;제63조의2;제66조;제6조,유출·침해;안전조치 미흡,"1. 피심인에 대하여 다음과 같이 시정을 권고한다. 가. 피심인은 운영중인 공공시스템(집중관리시스템)에 대해 보호법 시행령 제30조의2에 따른 10대 과제 점검 결과, 이행이 미흡한 사항에 대해 시정할 것 나. 피심인은 가.의 권고 조치를 이행하고, 시정권고 통지를 받은 날로부터 90일 이내에 개인정보보호위원회에 이행 결..."
4,10255,2025-11-20,법규 위반·제재,공공시스템 운영기관 실태점검 결과 및 시정조치에 관한 건,공표명령;개선권고,,제29조;제2조;제30조;제30조의2;제3조;제63조의2;제66조;제6조,유출·침해;안전조치 미흡,"1. 피심인에 대하여 다음과 같이 시정을 권고한다. 가. 피심인은 운영중인 공공시스템(집중관리시스템)에 대해 보호법 시행령 제30조의2에 따른 10대 과제 점검 결과, 이행이 미흡한 사항에 대해 시정할 것 나. 피심인은 가.의 권고 조치를 이행하고, 시정권고 통지를 받은 날로부터 90일 이내에 개인정보보호위원회에 이행 결..."
4,10257,2025-11-20,법규 위반·제재,공공시스템 운영기관 실태점검 결과 및 시정조치에 관한 건,공표명령;개선권고,,제29조;제2조;제30조;제30조의2;제3조;제63조의2;제66조;제6조,유출·침해;안전조치 미흡,"1. 피심인에 대하여 다음과 같이 시정을 권고한다. 가. 피심인은 운영중인 공공시스템(집중관리시스템)에 대해 보호법 시행령 제30조의2에 따른 10대 과제 점검 결과, 이행이 미흡한 사항에 대해 시정할 것 나. 피심인은 가.의 권고 조치를 이행하고, 시정권고 통지를 받은 날로부터 90일 이내에 개인정보보호위원회에 이행 결..."
4,10261,2025-11-20,법규 위반·제재,공공시스템 운영기관 실태점검 결과 및 시정조치에 관한 건,공표명령;개선권고,,제29조;제2조;제30조;제30조의2;제3조;제63조의2;제66조;제6조,유출·침해;안전조치 미흡,"1. 피심인에 대하여 다음과 같이 시정을 권고한다. 가. 피심인은 운영중인 공공시스템(집중관리시스템)에 대해 보호법 시행령 제30조의2에 따른 10대 과제 점검 결과, 이행이 미흡한 사항에 대해 시정할 것 나. 피심인은 가.의 권고 조치를 이행하고, 시정권고 통지를 받은 날로부터 90일 이내에 개인정보보호위원회에 이행 결..."
4,10279,2025-11-20,법규 위반·제재,공공시스템 운영기관 실태점검 결과 및 시정조치에 관한 건,공표명령;개선권고,,제29조;제2조;제30조;제30조의2;제3조;제63조의2;제66조;제6조,유출·침해;안전조치 미흡,"1. 피심인에 대하여 다음과 같이 시정을 권고한다. 가. 피심인은 운영중인 공공시스템(집중관리시스템)에 대해 보호법 시행령 제30조의2에 따른 10대 과제 점검 결과, 이행이 미흡한 사항에 대해 시정할 것 나. 피심인은 가.의 권고 조치를 이행하고, 시정권고 통지를 받은 날로부터 90일 이내에 개인정보보호위원회에 이행 결..."
4,10221,2025-11-20,법규 위반·제재,공공시스템 운영기관 실태점검 결과 및 시정조치에 관한 건,공표명령;개선권고,,제29조;제2조;제30조;제30조의2;제3조;제63조의2;제66조;제6조,유출·침해;안전조치 미흡,"1. 피심인에 대하여 다음과 같이 시정을 권고한다. 가. 피심인은 운영중인 공공시스템(집중관리시스템)에 대해 보호법 시행령 제30조의2에 따른 10대 과제 점검 결과, 이행이 미흡한 사항에 대해 시정할 것 나. 피심인은 가.의 권고 조치를 이행하고, 시정권고 통지를 받은 날로부터 90일 이내에 개인정보보호위원회에 이행 결..."
4,10259,2025-11-20,법규 위반·제재,공공시스템 운영기관 실태점검 결과 및 시정조치에 관한 건,공표명령;개선권고,,제29조;제2조;제30조;제30조의2;제3조;제63조의2;제66조;제6조,유출·침해;안전조치 미흡,"1. 피심인에 대하여 다음과 같이 시정을 권고한다. 가. 피심인은 운영중인 공공시스템(집중관리시스템)에 대해 보호법 시행령 제30조의2에 따른 10대 과제 점검 결과, 이행이 미흡한 사항에 대해 시정할 것 나. 피심인은 가.의 권고 조치를 이행하고, 시정권고 통지를 받은 날로부터 90일 이내에 개인정보보호위원회에 이행 결..."
4,10273,2025-11-20,법규 위반·제재,공공시스템 운영기관 실태점검 결과 및 시정조치에 관한 건,공표명령;개선권고,,제29조;제2조;제30조;제30조의2;제3조;제63조의2;제66조;제6조,유출·침해;안전조치 미흡,"1. 피심인에 대하여 다음과 같이 시정을 권고한다. 가. 피심인은 운영중인 공공시스템(집중관리시스템)에 대해 보호법 시행령 제30조의2에 따른 10대 과제 점검 결과, 이행이 미흡한 사항에 대해 시정할 것 나. 피심인은 가.의 권고 조치를 이행하고, 시정권고 통지를 받은 날로부터 90일 이내에 개인정보보호위원회에 이행 결..."
4,10217,2025-11-20,법규 위반·제재,공공시스템 운영기관 실태점검 결과 및 시정조치에 관한 건,공표명령;개선권고,,제29조;제2조;제30조;제30조의2;제3조;제63조의2;제66조;제6조,유출·침해;안전조치 미흡,"1. 피심인에 대하여 다음과 같이 시정을 권고한다. 가. 피심인은 운영중인 공공시스템(집중관리시스템)에 대해 보호법 시행령 제30조의2에 따른 10대 과제 점검 결과, 이행이 미흡한 사항에 대해 시정할 것 나. 피심인은 가.의 권고 조치를 이행하고, 시정권고 통지를 받은 날로부터 90일 이내에 개인정보보호위원회에 이행 결..."
4,10223,2025-11-20,법규 위반·제재,공공시스템 운영기관 실태점검 결과 및 시정조치에 관한 건,공표명령;개선권고,,제29조;제2조;제30조;제30조의2;제3조;제63조의2;제66조;제6조,유출·침해;안전조치 미흡,"1. 피심인에 대하여 다음과 같이 시정을 권고한다. 가. 피심인은 운영중인 공공시스템(집중관리시스템)에 대해 보호법 시행령 제30조의2에 따른 10대 과제 점검 결과, 이행이 미흡한 사항에 대해 시정할 것 나. 피심인은 가.의 권고 조치를 이행하고, 시정권고 통지를 받은 날로부터 90일 이내에 개인정보보호위원회에 이행 결..."
5,5145,2023-08-03,침해요인 평가,「새마을금고법 시행령」일부개정안에 대한 개인정보 침해요인 평가 결과,개선권고,,제51조의2;제70조의2;제9조의4,,1.「새마을금고법 시행령」일부개정안(행정안전부공고 제2023-1025호)안 제51조의2 제3항 제4호의2에서 법 제70조의2 제1항은 “법 제70조의2에 따른 우선출자의 발행 및 관리에 관한 사무”를 “법 제70조의2 제1항에 따른 우선출자의 발행 및 관리에 관한 사무(주민등록번호 및 여권번호 또는 외국인등록번호에 한함)...
5,4979,2023-10-11,침해요인 평가,「독점규제 및 공정거래에 관한 법률 시행령」일부개정안에 대한 개인정보 침해요인 평가 결과,개선권고,,제68조,,1. 「독점규제 및 공정거래에 관한 법률 시행령」일부개정안(공정거래위원회공고 제2023-165호) 제68조 제2항 후단에 “지체 없이 다음 각 호의 사항을 수소법원에 알려야 한다.”를 “분쟁당사자의 동의를 받아 다음 각 호의 사항을 수소법원에 알릴 수 있다.”로 수정할 것을 권고한다. 2. 「독점규제 및 공정거래에 관한 ...
5,4919,2023-10-25,침해요인 평가,「대리점거래의 공정화에 관한 법률 시행령」일부개정안에 대한 개인정보 침해요인 평가 결과,개선권고,,제13조의2,,1. 「대리점거래의 공정화에 관한 법률 시행령」일부개정안(공정거래위원회공고 제2023-188호) 제13조의2 제2항 후단에 “지체 없이 다음 각 호의 사항을 수소법원에 알려야 한다.”를 “분쟁당사자의 동의를 받아 다음 각 호의 사항을 수소법원에 알릴 수 있다.”로 수정할 것을 권고한다. 2. 「대규모유통업법 시행령」일부개...
5,4965,2023-10-11,침해요인 평가,「약관의 규제에 관한 법률 시행령」일부개정안에 대한 개인정보 침해요인 평가 결과,개선권고,,제8조의8;제8조의9,,1. 「약관의 규제에 관한 법률 시행령」일부개정안(공정거래위원회공고 제2023-163호) 제8조의8 제2항 후단에 “지체 없이 다음 각 호의 사항을 수소법원에 알려야 한다.”를 “분쟁당사자의 동의를 받아 다음 각 호의 사항을 수소법원에 알릴 수 있다.”로 수정할 것을 권고한다. 2. 「약관의 규제에 관한 법률 시행령」일부...
5,4913,2023-10-25,침해요인 평가,「대규모유통업법 시행령」일부개정안에 대한 개인정보 침해요인 평가 결과,개선권고,,제23조,,1. 「대규모유통업법 시행령」일부개정안(공정거래위원회공고 제2023-187호) 제23조 제2항 후단에 “지체 없이 다음 각 호의 사항을 수소법원에 알려야 한다.”를 “분쟁당사자의 동의를 받아 다음 각 호의 사항을 수소법원에 알릴 수 있다.”로 수정할 것을 권고한다. 2. 「대규모유통업법 시행령」일부개정안(공정거래위원회공고...
5,4983,2023-10-11,침해요인 평가,「소비자기본법 시행령」일부개정안에 대한 개인정보 침해요인 평가 결과,개선권고,,제62조의2,,1. 「소비자기본법 시행령」일부개정안(공정거래위원회공고 제2023-170호) 제62조의2 제2항 후단에 “지체 없이 다음 각 호의 사항을 수소법원에 알려야 한다.”를 “분쟁당사자의 동의를 받아 다음 각 호의 사항을 수소법원에 알릴 수 있다.”로 수정할 것을 권고한다. 2. 「소비자기본법 시행령」일부개정안(공정거래위원회공고...
5,9663,2025-03-12,침해요인 평가,「민방위기본법 시행령」일부개정안에 대한 개인정보 침해요인 평가에 관한 건,개선권고,,,,「민방위기본법 시행령」일부개정안(행정안전부공고 제2025-217호)은 「민방위기본법 시행규칙」일부개정안(행정안전부공고 제2025-218호) 별지 제44호 및 제45호서식에서 필요한 신고인과 피해자의 '주민등록번호’ 처리근거가 없으므로 이에 대한 처리 근거를 마련할 것을 권고한다. 본 권고는 함께 개정되는 「민방위기본법 시...
5,4867,2023-10-11,침해요인 평가,「전자장치 부착 등에 관한 법률 시행령」일부개정안에 대한 개인정보 침해요인 평가에 관한 건,개선권고,,제23조의17;제29조;제31조의8,,1) 「전자장치 부착 등에 관한 법률 시행령」일부개정안(법무부공고 제2023-363호) 제23조의17에서 수사ㆍ재판 등에 대한 사실 조회 또는 자료의 열람 범위를 법 제31조의8 제4항에 따른 수신자료 폐기 사유로 제한할 것을 권고한다. 2) 「전자장치 부착 등에 관한 법률 시행령」일부개정안(법무부공고 제2023-363호...
5,5415,2023-06-12,침해요인 평가,「초ㆍ중등교육법 시행령」일부개정안에 대한 개인정보 침해요인 평가 결과,개선권고,,제54조의2,,1.「초ㆍ중등교육법 시행령」일부개정안(교육부공고 제2013-219호) 제54조의2제1항제4호에서 학생의 현황을 삭제할 것을 권고한다. 2.「초ㆍ중등교육법 시행령」일부개정안(교육부공고 제2013-219호) 제54조의2제3항을 삭제하고 동 법에 규정할 것을 권고한다. 3.「초ㆍ중등교육법 시행령」일부개정안(교육부공고 제2013...
5,2251,2023-03-22,침해요인 평가,「에너지법 시행령」일부개정안에 대한 개인정보 침해요인 평가 결과,개선권고,,제13조의3;제30조,,"「에너지법 시행령」일부개정안(산업통상자원부 공고 제2023-202호)제13조의3제1호 나목에서 “「사회보장급여의 이용ㆍ제공 및 수급권자 발굴에 관한 법률 시행령」 [별표2] 제5호 자목에 따른 세대주ㆍ세대원 성명, 주민등록번호 등에 관한 정보”를 “「주민등록법」 제30조에 따른 주민등록 전산자료 중 세대주ㆍ세대원의 성명,..."
5,2343,2023-04-12,침해요인 평가,「송ㆍ변전설비 주변지역의 보상 및 지원에 관한 법률 시행령」일부개정안에 대한 개인정보 침해요인 평가 결과,개선권고,,제30조;제5조,,「송ㆍ변전설비 주변지역의 보상 및 지원에 관한 법률 시행령」일부개정안(산업통상자원부 제2023-315호) 제30조 제2호에서 “법 제5조에 따른 주택매수 등에 관한 사무”를 “법 제5조에 따른 주택매수 및 주거환경개선비용 지원에 관한 사무”로 변경하고 “(운전면허의 면허번호는 제외한다)”를 추가할 것을 권고한다.
5,261,2020-09-09,침해요인 평가,「6ㆍ25 전사자유해의 발굴 등에 관한 법률 시행령」일부개정안에 대한 개인정보 침해요인 평가 결과,개선권고,,,,"「6ㆍ25 전사자유해의 발굴 등에 관한 법률 시행령」일부개정안(국방부공고 제2019-283호) 별표3 제4호 중 “전사자와 관련된”을 “전사자의 유족으로서 전사자의 유족임을 증빙할 수 있는”으로 수정하고, “전사자 유해의 신원이”를 “전사자 유해와 친ㆍ외가의 8촌 인내의 가족관계가”로 수정할 것을 권고한다."
5,2173,2023-02-22,침해요인 평가,「생활주변방사선 안전관리법 시행령」일부개정안에 대한 개인정보 침해요인 평가 결과,개선권고,,제17조의2;제24조,,"「생활주변방사선 안전관리법 시행령」일부개정안 (원자력안전위원회 공고 제2023-4호) 법 제24조제3항에서 사업소ㆍ공장 등에 출입하여 검사 또는 질문, 시료 수거 등은 현장 확인을 위한 사항으로 민감정보 및 고유식별정보 처리에 해당되지 않아 안 제17조의2 6호에서 법 제24조제3항은 삭제할 것을 권고한다."
5,1263,2020-08-26,침해요인 평가,「전기통신금융사기 피해 방지 및 피해금 환급에 관한 특별법 시행령」일부개정안에 대한 개인정보 침해요인 평가 결과,개선권고,,,,「전기통신금융사기 피해 방지 및 피해금 환급에 관한 특별법 시행령」일부개정안(금융위원회공고 제2020-270호)의 별지 제1호 서식(피해구제 신청서)에서 개인정보 수집ㆍ이용 등 보유기간과 제3자 제공에 대한 동의문구를 수정할 것을 권고한다.
5,9695,2025-04-09,침해요인 평가,「산림보호법 시행령」일부개정안에 대한 개인정보 침해요인 평가에 관한 건,개선권고,,제12조의15,,"「산림보호법 시행령」일부개정안(산림병해충방제과-1565호) 제12조의15 제2항에서 “개인정보 보호를 위하여 필요하다고 인정될 때에는”을 “개인정보로서 사생활의 비밀 또는 자유를 침해할 우려가 있다고 인정되는 경우에는”으로 변경하거나, 동 조항을 법률로 규정하고 제공을 제한하는 내용 및 범위 등을 구체적으로 위임할 것을 ..."
6,1075,2018-04-09,법규 위반·제재,인천광역시 남동구의 현수막 불법 설치자 개인정보 처리에 관한 건,과태료,500만원,제10조;제15조;제16조;제18조;제1조;제20조;제24조;제24조의2;제29조;제36조;제3조;제4조;제6조;제7조,유출·침해;목적 외 이용;민감정보·고유식별정보;정보주체 권리보장,"인천광역시 남동구는 관내 현수막 불법 설치자에게 과태료를 부과하기 위하여 인천 광역시 선거관리위원회, 인천광역시의회 사무처, 인천광역시 남동구의회 사무국으로부터 과태료 부과 대상자의 주소를 제공받고, 이 주소를 이용하여 인천광역시 남동구가 보유하고 있는 관내 거주 주민의 개인별 주민등록표를 열람할 수 있다."
6,1005,2014-05-12,민원·해석,「개인정보 보호법」 제6조 및 제18조 관련 해석의 건 (개인정보보호위원회 심의ㆍ의결 통보사항에 대한 안전행정부의 추가질의 관련 법령해석의 건),개선권고,,제10조;제11조;제13조;제14조;제15조;제18조;제1조;제21조;제22조;제23조;제24조의2;제29조;제2조;제32조;제47조;제6조;제81조의13;제82조,동의·고지 위반;목적 외 이용;민감정보·고유식별정보;정보주체 권리보장,"1. 「정보통신망 이용촉진 및 정보보호 등에 관한 법률」 제24조의2는 「개인정보 보호법」 제18조 제2항, 제4항 및 제5항의 적용을 각 배제하지 않는다. 2. 「신용정보의 이용 및 보호에 관한 법률」 제32조, 「국세기본법」 제81조의13, 「의료법」 제21조, 「가족관계의 등록 등에 관한 법률」 제14조 및 「주민등..."
6,1343,2020-07-13,기타,복무기관의 사회복무요원 복무관리 등을 위한 지방병무청 보유 민감정보 제공에 관한 건,,,제11조;제12조;제136조;제14조;제157조;제15조;제165조;제18조;제23조;제26조;제2조;제31조;제31조의2;제33조;제3조;제3조의2;제40조;제47조의3;제53조;제89조의2;제89조의3,유출·침해;동의·고지 위반;목적 외 이용;민감정보·고유식별정보,"지방병무청은 복무기관의 사회복무요원의 복무관리를 위하여, 정신건강의학과 질환으로 질병ㆍ심신장애 정도에 따른 신체등급 4급 판정을 받은 사회복무요원의 진료과목과 판정급수를, 「사회복무요원 소집업무 규정」 별표 3에 규정된 형법상 강력범죄경력이 있는 사회복무요원의 범죄명과 선고형을, 「개인정보 보호법」 위반죄 범죄경력이 있는..."
6,133,2018-11-12,기타,연금ㆍ보험급여 업무를 위한 경찰청의 교통사고 정보 제공에 관한 건,,,제109조의3;제11조;제123조;제18조;제24조의2;제31조;제32조;제37조;제54조;제58조;제61조;제69조의2;제79조;제81조;제96조,유출·침해;목적 외 이용;민감정보·고유식별정보;처리위탁;정보주체 권리보장,1. 국민건강보험공단ㆍ국민연금공단ㆍ공무원연금공단ㆍ근로복지공단은 교통사고로 인한 연금ㆍ보험급여의 관리 등 업무 수행을 위하여 경찰청으로부터 급여 신청자의 교통사고 정보를 행정정보 공동이용센터의 전산망을 활용하여 제공받을 수 있다. 2. 국민건강보험공단은 교통사고로 인한 보험급여에 대한 구상권 행사를 위하여 경찰청 으로부터 ...
6,1017,2012-06-11,기타,주식회사 구글(Google Inc.)의 개인정보 취급방침 개선 의견,,,제15조;제16조;제18조;제21조;제22조;제23조;제26조의2;제29조;제30조;제36조;제37조;제3조,동의·고지 위반;목적 외 이용;보유기간·파기 위반;정보주체 권리보장,"1. 주식회사 구글(이하 '구글’이라고 함)은 개인정보 취급방침에 개인정보 수집목적을 포괄적으로 설정하고, 개인정보 수집ㆍ이용 등에 대해 사용자에게 선택권을 부여하지 않고 일괄적으로 동의를 구하고 있으며, 필요 이상의 기간 동안 개인정보를 보유할 수 있도록 함으로써 결과적으로 개인정보의 과다수집과 오남용 소지가 있다. 2..."
6,1047,2018-03-26,개인정보 제공 요청,기초생활보장 신규 수급권자 발굴 및 안내를 위한 개인정보 제공에 관한 건,,,제10조;제14조;제18조;제23조;제27조;제29조;제3조,목적 외 이용,"1. 보건복지부는 기초생활보장 신규 수급권자 발굴 및 안내를 위하여 80세 이상 기초연금 수급자 중 소득과 재산이 0인 가구에 해당하는 자와 장애인연금 수급자 중 소득과 재산이 0인 가구에 해당하는 자의 성명, 생년월일, 성별과 주소가 포함된 수급자격 정보를 이용하거나 이를 국민건강보험공단에 제공할 수 있다. 2. 보건복..."
6,1375,2019-06-10,법규 위반·제재,고양시의 관외택시 불법 영업행위 단속을 위한 영상정보 처리에 관한 건,,,제108조;제18조;제25조;제37조;제42조;제75조;제85조;제88조;제9조,유출·침해;동의·고지 위반;목적 외 이용;영상정보 처리,1.고양시가 불법 주ㆍ정차 단속 목적으로 운영 중인 영상정보처리기기의 설치 목적에 고양시에 면허가 등록되어 있지 않은 택시(관외택시)의 불법 영업행위 단속 목적을 추가하여 병행 활용하는 것은 「개인정보 보호법」에 위반된다. 2.고양시는 관외택시 불법 영업행위를 단속하고 위반행위 적발사실 통보 시 처분관할 관청에 증거자료로...
6,929,2019-01-14,기타,행정안전부의 승강기 사고조사 등을 위한 승강기 관리주체 보유 CCTV 영상정보 제공에 관한 건,개선권고,,제14조의4;제16조;제16조의4;제17조;제18조;제20조;제21조;제24조의6;제28조;제3조,유출·침해;목적 외 이용;영상정보 처리;정보주체 권리보장,1.행정안전부 사고조사판정위원회와 한국승강기안전공단은 승강기 사고조사 및 사고원인 판정 업무를 수행하기 위하여 승강기 관리주체로부터 사고 발생 전ㆍ후 1시간 이내 상황이 촬영된 CCTV 영상정보를 제공받을 수 있다. 2.시ㆍ도지사는 승강기 자체점검 현황 검사를 위하여 승강기 관리주체의 자체점검 실시 현황이 촬영된 CCTV...
6,947,2020-01-13,민원·해석,한국교통안전공단의 운행기록데이터 등 제공 관련 법령해석에 관한 건,,,제12조;제13조;제15조;제17조;제18조;제20조;제25조;제26조;제27조;제28조;제2조;제30조;제31조;제33조;제38조;제48조;제55조;제59조;제9조,유출·침해;목적 외 이용;제3자 제공;안전조치 미흡;민감정보·고유식별정보;처리위탁,"1. 한국교통안전공단이 여객 및 화물자동차 운송사업자 등으로부터 운행기록을 제출받아 분석한 결과인 운행기록데이터와 위험운전행동데이터는 「개인정보 보호법」상 개인정보에 해당한다. 2. 한국교통안전공단은 암호화 및 마스킹 처리한 운행기록데이터와 위험운전행동데이터를 연구ㆍ분석목적으로 「개인정보 보호법」 제18조 제2항 제2호,..."
6,1333,2020-02-24,민원·해석,국회 인사청문회를 위한 개인정보 제공 관련 법령해석에 관한 건,,,제10조의2;제128조;제12조;제14조;제18조;제1조;제23조;제2조;제31조의2;제4조;제5조;제65조의2;제8조,유출·침해;동의·고지 위반;목적 외 이용;민감정보·고유식별정보;정보주체 권리보장,"1. 인사청문 대상자의 자녀가 A대학교 대학원, B대학교 대학원 입학 시 제출한 증빙서류와 C대학교 대학원, D대학교 대학원 지원 시 제출한 증빙서류의 진위확인 및 인사검증 등 인사청문을 위하여 각 대학교가 증빙서류 목록을 국회에 제공할 수 있는지 여부에 대해서는 판단하지 아니한다. 2. A대학교는 인사청문 대상자의 자녀..."
6,941,2017-11-13,기타,EU 부분적정성 평가 전환 추진 개선에 관한 건,개선권고,,,유출·침해;동의·고지 위반,"1. 방송통신위원회가 「정보통신망 이용촉진 및 정보보호 등에 관한 법률」 대상으로 추진 중인 EU 개인정보보호 '부분적정성 결정’은 그 효과가 제한적이고 개인정보 보호기관의 완전한 독립성 확보, 직권조사권 등 실질적 보호기능 수행을 보장하는 국제사회의 흐름과 개인정보보호위원회를 컨트롤 타워로 하여 개인정보 보호체계 효율화..."
6,1061,2017-10-16,기타,지방자치단체 통합관제센터 영상정보의 군부대 제공에 관한 건,개선권고,,제11조;제14조;제18조;제20조;제2조;제3조;제58조;제5조,영상정보 처리;정보주체 권리보장,"1. 지역책임부대는 통합방위사태 선포, 경계태세 2급 이상 발령, 자체훈련, 지상협동훈련, 대침투 종합훈련, 후방지역 종합훈련, 을지연습, 충무훈련, 독수리연습, 테러 발생, 지역책임부대가 현장 확인 또는 상황 수습 등을 할 필요가 있는 재해, 재난, 구급상황 발생 시 지방자치단체로부터 소관 업무 수행을 위하여 필요한 범..."
6,1071,2017-11-27,개인정보 제공 요청,행정안전부의 장애인 관련 통계작성을 위한 개인정보 제공에 관한 건,,,제17조;제18조;제24조;제58조,목적 외 이용,"1. 고용노동부, 통계청, 경찰청이 「통계법」 제18조 제1항에 따른 통계청장의 승인을 받지 아니한 장애인 관련 통계작성을 위하여 보건복지부로부터 장애인의 주민등록번호, 장애종류, 장애등급 정보를 제공받고자 할 경우, 위 정보는 「개인정보 보호법」 제58조 제1항 제1호에 정한 '「통계법」에 따라 수집되는 개인정보’에 해..."
6,1233,2020-07-13,개인정보 제공 요청,근로복지공단의 긴급재난기부금 모집 관련 업무를 위한 행정안전부 보유 개인정보 제공 요청에 관한 건,,,제15조;제160조의3;제17조;제18조;제208조의3;제24조의2;제2조;제4조;제7조,목적 외 이용,근로복지공단은 긴급재난기부금 모집 관련 업무를 수행하기 위하여 행정안전부로부터 근로복지공단이 주관하여 모집하는 긴급재난기부금의 기부 적정성을 확인하기 위한 정보[기부자의 긴급재난지원금 대상(세대주) 여부ㆍ지원금 신청 여부ㆍ지원금액ㆍ가구원수]와 긴급재난기부금의 영수증 발급을 위한 정보[행정안전부가 주관하여 모집하는 긴급재난...
6,1425,2019-10-14,법규 위반·제재,경상남도의 자동차 운행제한 단속시스템 구축을 위한 시ㆍ군 보유 CCTV 영상정보 처리에 관한 건,,,제15조;제16조;제17조;제18조;제19조;제23조;제25조;제31조;제38조,영상정보 처리;처리위탁,1.경상남도 각 시ㆍ군은 「행정절차법」에 따른 행정예고의 실시 또는 의견청취 등의 절차를 거쳐 차량방범용 영상정보처리기기의 설치 목적에 「미세먼지 저감 및 관리에 관한 특별법」 상 고농도 미세먼지 비상저감조치에 따른 운행제한 대상 자동차의 단속 및 과태료 부과 목적을 추가하고 이를 병행 활용할 수 있다. 2.경상남도는 고...
7,655,2022-02-23,침해요인 평가,「데이터 산업진흥 및 이용촉진에 관한 기본법 시행규칙」 제정안에 대한 개인정보 침해요인 평가 결과,개선권고,,제3조,,"1. 「데이터 산업진흥 및 이용촉진에 관한 기본법 시행규칙」 제정안(과학기술정보통신부 데이터진흥과-345호) 제3조 제2항 단서에서 '다만, 신고인이 사업자등록증 또는 법인등기사항증명서의 확인에 동의하지 아니하는 경우에는’를 '다만, 신고인이 사업자등록증의 확인에 동의하지 아니하는 경우에는’으로 수정할 것을 권고한다. 2..."
7,5431,2023-05-26,침해요인 평가,「주민등록법 시행규칙」일부개정안에 대한 개인정보 침해요인 평가 결과,개선권고,,제19조;제23조;제36조,,1. 「주민등록법 시행규칙」 일부개정안(행정안전부공고 제2023-667호)별지 제1호의2서식의 행정정보공동이용동의서에서 범죄ㆍ수사경력자료 등 공동이용 대상 정보를 고시된 행정정보공동이용대상정보로 명확히 할 것을 권고한다. 2. 「주민등록법 시행규칙」 일부개정안(행정안전부공고 제2023-667호)별지 제1호의2서식의 행정정...
7,5,2022-04-27,침해요인 평가,「국가첨단전략산업 경쟁력 강화 및 보호에 관한 특별조치법 시행규칙」 제정안에 대한 개인정보 침해요인 평가 결과,개선권고,,,,"1. 「국가첨단전략산업 경쟁력 강화 및 보호에 관한 특별조치법 시행규칙」 제정안 (산업통상자원부공고 제2022-258호) 별지 제6호서식에서 '정보제공대상 전문인력’의 주민등록번호를 삭제하거나 필요시 시행령 이상에 주민등록번호 처리 근거를 규정하고, 신청인란에서 대표자 생년월일은 삭제하며, 행정정보 공동이용 동의서에서 대..."
7,839,2022-06-08,침해요인 평가,"「화재예방, 소방시설 설치유지 및 안전관리에 관한 법률 시행규칙」 전부개정안에 대한 개인정보 침해요인 평가 결과",개선권고,,,,"1. 「화재예방, 소방시설 설치유지 및 안전관리에 관한 법률 시행규칙」 전부개정안(소방청공고 제2022-79호) 별지 제2호, 제4호, 제6호서식에서 대표자의 생년월일을 사업자등록번호로 변경할 것을 권고한다. 2. 「화재예방, 소방시설 설치유지 및 안전관리에 관한 법률 시행규칙」 전부개정안(소방청공고 제2022-79호) ..."
7,813,2020-11-25,침해요인 평가,「수소경제 육성 및 수소 안전관리에 관한 법률 시행규칙」 제정안에 대한 개인정보 침해요인 평가 결과,개선권고,,,,"1. 「수소경제 육성 및 수소 안전관리법률 시행규칙」제정안(산업통상자원부공고 제2020-564호) 별지 제1호서식의 생년월일을 삭제할 것을 권고한다. 2. 「수소경제 육성 및 수소 안전관리법률 시행규칙」제정안(산업통상자원부공고 제2020-564호) 별지 제10호서식, 제12호서식, 제20호서식에서 주민등록번호(외국인등록번..."
7,1915,2022-11-30,침해요인 평가,「수상레저안전법 시행규칙」 전부개정안에 대한 개인정보 침해요인 평가 결과,개선권고,,,,"1.「수상레저안전법 시행규칙」 전부개정안(해양경찰청공고 제2022-113호)별지 제2호서식(동력수상레저기구 조종면허시험 응시원서)에서 조종면허시험 신청인(위임받은 사람)의 '주민등록번호’를 '생년월일’로, '연락처’는 '전화번호 또는 휴대폰 번호’로 변경하고, 응시자의 '자택 전화번호’와 '휴대폰 번호’는 '전화번호 또는..."
7,1901,2022-11-30,침해요인 평가,「여권법 시행규칙」일부개정안에 대한 개인정보 침해요인 평가 결과,개선권고,,,,"1. 「여권법 시행규칙」일부개정안(외교부 공고 제2022-153호) 별지 제4호서식에서“행정정보공동이용 동의서”를“행정정보공동이용 동의서(단, 법정대리인에 한함)”으로 변경할 것을 권고한다. 2. 안 별지 제4호서식에서“행정정보공동이용 동의서”란의 “주민등록 등ㆍ초본”은 삭제할 것을 권고한다. 3. 안 별지 제4호서식에서..."
7,1239,2020-08-26,침해요인 평가,「중소기업제품 구매촉진 및 판로지원에 관한 법률 시행규칙」 일부개정안에 대한 개인정보 침해요인 평가 결과,개선권고,,,,"1. 「중소기업제품 구매촉진 및 판로지원에 관한 법률 시행규칙」일부개정안(중소벤처기업부공고 제2020-373호) 별지 제9호서식에서 책임자의 생년월일을 삭제하고, 신청기업이 법인인 경우 대표자의 생년월일이 기재되지 않도록 안내문구를 추가할 것을 권고한다. 2. 「중소기업제품 구매촉진 및 판로지원에 관한 법률 시행규칙」일부..."
7,4851,2023-11-08,침해요인 평가,「민방위기본법 시행규칙」일부개정안에 대한 개인정보 침해요인 평가에 관한 건,개선권고,,,,"「민방위기본법 시행규칙」일부개정안(행정안전부공고 제2023-1339호) 별지 제27호서식의 신청인 제출서류 제2호에서 '가족관계기록사항에 관한 증명서’를 삭제하고, '주민등록표등본’을 '가족관계기록사항에 관한 증명서’로 변경하며, 담당공무원 확인사항 제2호를 삭제할 것을 권고한다."
7,5445,2023-05-26,침해요인 평가,「데이터기반행정 활성화에 관한 법률」일부개정안에 대한 개인정보 침해요인 평가 결과,개선권고,,제4조의2,,1. 「데이터기반행정 활성화에 관한 법률」일부개정안(행정안전부 공고 제2023-698호) 안 제4조의2에서 본문의 “연구를 하는”과 “제4호”를 삭제할 것을 권고한다. 2. 「데이터기반행정 활성화에 관한 법률」일부개정안(행정안전부 공고 제2023-698호) 안 제4조의2에서 제4호의'정치적 문제해결을 위한 경우’는 제1호...
7,5373,2023-06-14,침해요인 평가,「역사문화권 정비 등에 관한 특별법 시행규칙」 일부개정 안에 대한 개인정보 침해요인 평가 결과,개선권고,,,,1. 「역사문화권 정비 등에 관한 특별법 시행규칙」 일부개정안(문화재청 공고 제2023-219호) 별지 제6호서식 행정정보 공동이용 동의서의 “사업자 등록증”을 “사업자등록증명”으로 변경할 것을 권고한다. 2. 「역사문화권 정비 등에 관한 특별법 시행규칙」 일부개정안(문화재청 공고 제2023-219호) 별지 제6호서식 행...
7,841,2022-06-08,침해요인 평가,「화재의 예방 및 안전관리에 관한 법률 시행규칙」 제정안에 대한 개인정보 침해요인 평가 결과,개선권고,,,,"1. 「화재의 예방 및 안전관리에 관한 법률 시행규칙」 제정안(소방청공고 제2022-77호) 별지 제12호, 제15호서식에서 신청인의 주민등록번호를 생년월일로 수정할 것을 권고한다. 2. 「화재의 예방 및 안전관리에 관한 법률 시행규칙」 제정안(소방청공고 제2022-77호) 별지 제13호, 제17호, 제18호서식에서 해임..."
7,5179,2023-07-26,침해요인 평가,「감염병의 예방 및 관리에 관한 법률 시행규칙」일부개정안에 대한 개인정보 침해요인 평가 결과,개선권고,,,,1. 「감염병의 예방 및 관리에 관한 법률 시행규칙」일부개정안(질병관리청공고 제2023-313호) 별지 제21호의3서식에서 대표자 생년월일 및 신청인 제출서류 중 보수명세서를 삭제하고 “그 밖에 질병관리청장이 유급휴가 비용지원을 위하여 특히 필요하다고 인정하는 서류”를 특정하거나 삭제할 것을 권고한다. 2. 「감염병의 예...
7,5011,2023-10-11,침해요인 평가,「고압가스 안전관리법 시행규칙」일부개정안에 대한 개인정보 침해요인 평가에 관한 건,개선권고,,,,"1.「고압가스 안전관리법 시행규칙」일부개정안(산업통상자원부 에너지안전과-2627) 별지 제1호서식의 행정정보공동이용 동의서에서 산업통상자원부장관, 시ㆍ도지사를 행정정보를 확인하는 대상에서 삭제하고, 신고인를 대표자로 변경할 것을 권고한다. 2.「고압가스 안전관리법 시행규칙」일부개정안(산업통상자원부 에너지안전과-2627) ..."
7,2473,2023-05-10,침해요인 평가,「공직자 등의 병역사항 신고 및 공개에 관한 법률 시행규칙」 일부개정안에 대한 개인정보 침해요인 평가 결과,개선권고,,,,1. 「공직자 등의 병역사항 신고 및 공개에 관한 법률 시행규칙」일부개정안(병무청공고 제2023-44호) 별지 제3호서식 중 행정정보 공동이용 동의에서 동의를 거부할 권리가 있다는 사실 및 동의 거부에 따른 불이익이 있는 경우에는 그 불이익의 내용을 정보주체에게 알릴 것을 권고한다. 2. 「공직자 등의 병역사항 신고 및 ...
8,10069,2024-11-04,법규 위반·제재,,과징금;과태료;시정명령,216.1억원,제23조,동의·고지 위반;정보주체 권리보장,"1. 피심인에 대하여 다음과 같이 시정조치를 명한다. 가. 이용자의 페이스북 활동 등을 통해 민감한 주제에 해당하는 광고 타겟을 생성하는 경우 이용자에게 법정 고지사항을 알린 후 별도 동의를 받는 등 보호법 제23조에 따른 적법 근거를 마련하고, 안전성 확보 조치를 취할 것 나. 이용자의 개인정보 열람 요구가 있는 경우 ..."
8,10109,2025-03-26,법규 위반·제재,,과징금;시정명령;고발,134.5억원,,유출·침해;동의·고지 위반;안전조치 미흡;접근권한·내부통제,"1. 피심인에 대하여 다음과 같이 시정조치를 명한다. 가. 피심인은 개인정보 유출 및 오용ㆍ남용 방지를 위한 내부통제시스템을 면밀히 검토하고 개인정보취급자에게 필요한 교육 등 관리ㆍ감독을 철저히 할 것 나. 개인정보처리시스템에 대한 접근권한을 최소화하고, 접속기록을 상시적ㆍ주기적으로 점검하며, 업무에 불필요한 개인정보가 ..."
8,7283,2024-07-24,법규 위반·제재,,과징금;과태료;시정명령;개선권고,19.8억원,,유출·침해;동의·고지 위반;국외이전;정보주체 권리보장,"1. 피심인에 대하여 다음과 같이 개인정보 처리실태의 개선을 권고한다. 가. 피심인은 개인정보 처리 흐름을 최대한 투명하고 알기 쉽게 정보주체에게 공개하고, 변동시 신속하게 현행화할 것 나. 국내대리인의 단순 지정을 넘어 개인정보 보호를 위한 실질적 운영 노력을 기울일 것. 특히 개인정보 처리와 관련한 불만의 처리 및 피..."
8,9253,2024-07-24,법규 위반·제재,,과징금;과태료;시정명령;개선권고,19.8억원,,유출·침해;동의·고지 위반;국외이전;정보주체 권리보장,"1. 피심인에 대하여 다음과 같이 개인정보 처리실태의 개선을 권고한다. 가. 피심인은 개인정보 처리 흐름을 최대한 투명하고 알기 쉽게 정보주체에게 공개하고, 변동시 신속하게 현행화할 것 나. 국내대리인의 단순 지정을 넘어 개인정보 보호를 위한 실질적 운영 노력을 기울일 것. 특히 개인정보 처리와 관련한 불만의 처리 및 피..."
8,10347,2025-12-10,법규 위반·제재,,과징금;과태료,1.9억원,,동의·고지 위반,"1. 피심인에 대하여 다음과 같이 과징금과 과태료를 부과한다. 가. 과 징 금 : 194,519,000원 나. 과 태 료 : 7,200,000원 다. 납부기한 : 고지서에 명시된 납부기한 이내 라. 납부장소 : 한국은행 국고수납 대리점 2. 피심인에 대한 과태료 부과의 내용 및 결과를 개인정보보호위원회 홈페이지에 1년간 ..."
8,10349,2025-12-10,법규 위반·제재,,과징금;과태료,9550만원,,동의·고지 위반,"1. 피심인에 대하여 다음과 같이 과징금, 과태료를 부과한다. 가. 과 징 금 : 95,500,000원 나. 과 태 료 : 3,600,000원 다. 납부기한 : 고지서에 명시된 납부기한 이내 라. 납부장소 : 한국은행 국고수납 대리점"
8,10139,2025-09-10,법규 위반·제재,,과징금;과태료,8102만원,,동의·고지 위반,"1. 피심인에 대하여 다음과 같이 과징금과 과태료를 부과한다. 가. 과 징 금 : 81,017,000원 나. 과 태 료 : 7,200,000원 다. 납부기한 : 고지서에 명시된 납부기한 이내 라. 납부장소 : 한국은행 국고수납 대리점 2. 피심인에 대한 과태료 부과의 내용 및 결과를 개인정보보호위원회 홈페이지에 1년간 공..."
8,5325,2023-05-10,법규 위반·제재,,과징금;과태료;공표명령,7475만원,,동의·고지 위반,"1. 피심인에 대하여 다음과 같이 과징금 및 과태료를 부과한다. 가. 과 징 금 : 74,750,000원 나. 과 태 료 : 6,600,000원 다. 납부기한 : 고지서에 명시된 납부기한 이내 라. 납부장소 : 한국은행 국고수납 대리점 2. 피심인의 법 위반 행위 내용 및 결과를 개인정보보호위원회 홈페이지에 공표한다."
8,5409,2023-05-10,법규 위반·제재,,과징금;과태료;공표명령,7475만원,,동의·고지 위반,"1. 피심인에 대하여 다음과 같이 과징금 및 과태료를 부과한다. 가. 과 징 금 : 74,750,000원 나. 과 태 료 : 6,600,000원 다. 납부기한 : 고지서에 명시된 납부기한 이내 라. 납부장소 : 한국은행 국고수납 대리점 2. 피심인의 법 위반 행위 내용 및 결과를 개인정보보호위원회 홈페이지에 공표한다."
8,4785,2023-10-11,법규 위반·제재,,과징금;과태료;공표명령,5750만원,,동의·고지 위반,"1. 피심인에 대하여 다음과 같이 과징금과 과태료를 부과한다. 가. 과 징 금 : 57,500,000원 나. 과 태 료 : 7,200,000원 다. 납부기한 : 고지서에 명시된 납부기한 이내 라. 납부장소 : 한국은행 국고수납 대리점 2. 피심인의 법 위반행위 내용 및 결과를 개인정보보호위원회 홈페이지에 공표한다."
8,10015,2025-06-25,법규 위반·제재,,과징금;과태료;공표명령,5520만원,,동의·고지 위반,"1. 피심인에 대하여 다음과 같이 과징금, 과태료를 부과한다. 가. 과 징 금 : 55,200,000원 나. 과 태 료 : 6,000,000원 다. 납부기한 : 고지서에 명시된 납부기한 이내 라. 납부장소 : 한국은행 국고수납 대리점 2. 피심인의 법 위반행위 내용 및 결과를 개인정보보호위원회 홈페이지에 공표한다."
8,4769,2023-10-11,법규 위반·제재,,과징금;과태료;공표명령,3750만원,,동의·고지 위반,"1. 피심인에 대하여 다음과 같이 과징금과 과태료를 부과한다. 가. 과 징 금 : 37,500,000원 나. 과 태 료 : 3,000,000원 다. 납부기한 : 고지서에 명시된 납부기한 이내 라. 납부장소 : 한국은행 국고수납 대리점 2. 피심인의 법 위반행위 내용 및 결과를 개인정보보호위원회 홈페이지에 공표한다."
8,7489,2023-10-11,법규 위반·제재,,과징금;과태료;공표명령,3750만원,,동의·고지 위반,"1. 피심인에 대하여 다음과 같이 과징금과 과태료를 부과한다. 가. 과 징 금 : 37,500,000원 나. 과 태 료 : 3,000,000원 다. 납부기한 : 고지서에 명시된 납부기한 이내 라. 납부장소 : 한국은행 국고수납 대리점 2. 피심인의 법 위반행위 내용 및 결과를 개인정보보호위원회 홈페이지에 공표한다."
8,5081,2023-07-26,법규 위반·제재,,과태료;공표명령;개선권고,2160만원,,동의·고지 위반,"1. 피심인에 대하여 다음과 같이 과태료를 부과한다. 가. 과 태 료 : 21,600,000원 나. 납부기한 : 고지서에 명시된 납부기한 이내 다. 납부장소 : 한국은행 국고수납 대리점 2. 피심인에 대하여 다음과 같이 개선을 권고한다. 가. 피심인이 보유한 개인정보처리시스템 전반에 대해 점검한다. 나. 개인정보 보호체계..."
8,5069,2023-07-26,법규 위반·제재,,과징금;과태료;공표명령,2000만원,,동의·고지 위반,"1. 피심인에 대하여 다음과 같이 과징금과 과태료를 부과한다. 가. 과 징 금 : 20,000,000원 나. 과 태 료 : 6,000,000원 다. 납부기한 : 고지서에 명시된 납부기한 이내 라. 납부장소 : 한국은행 국고수납 대리점 2. 피심인의 법 위반행위 내용 및 결과를 개인정보보호위원회 홈페이지에 공표 한다."
9,9779,2025-05-14,침해요인 평가,「야생생물 보호 및 관리에 관한 법률 시행령 및 시행규칙」 일부개정안에 대한 개인정보 침해요인 평가에 관한 건,개선권고,,,,"「야생생물 보호 및 관리에 관한 법률 시행규칙」 일부개정안(환경부공고 제2025-308호) 별지 제31호의11서식, 별지 제31호의15서식, 별지 제31호의17서식에서 주민등록번호를 처리하기 위하여 같은법 시행령 일부개정안(환경부공고 제2025-309호)에 주민등록번호 처리근거를 마련하고, 안 별지 제31호의12서식, 별..."
9,4921,2023-10-25,침해요인 평가,「화학물질의 등록 및 평가 등에 관한 법률 시행규칙」일부개정안에 대한 개인정보 침해요인 평가에 관한 건,개선권고,,제18조,,"「화학물질의 등록 및 평가 등에 관한 법률 시행규칙」일부개정안(환경부공고 제2023-502호) 별지 제38호의4서식에서 행정정보 공동이용을 통한 “사업자등록증”의 확인을 “사업자등록증명”으로 변경하고, 행정정보 공동이용 동의시 「개인정보 보호법」제18조제3항제5호에 따라 동의를 거부할 권리가 있다는 사실 및 동의 거부에 ..."
9,9615,2025-02-26,침해요인 평가,「화학물질의 등록 및 평가 등에 관한 법률 시행규칙」 일부개정안에 대한 개인정보 침해요인 평가에 관한 건,개선권고,,제23조;제24조;제24조의2;제46조,,"「화학물질의 등록 및 평가 등에 관한 법률 시행규칙」 일부개정안(환경부공고 제2025-49호) 별지 제42호서식에 명시된 개인정보 수집ㆍ이용 근거에서 「보안업무규정」 제46조(고유식별정보의 처리), 「개인정보 보호법」 제23조(민감정보의 처리 제한), 제24조(고유식별정보의 처리 제한), 제24조의2(주민등록번호 처리의 ..."
9,5023,2023-10-11,침해요인 평가,「동물원 및 수족관의 관리에 관한 시행령」전부개정안에 대한 개인정보 침해요인 평가에 관한 건,개선권고,,,,1.「동물원 및 수족관의 관리에 관한 시행규칙」전부개정안(환경부공고 제2023-483호) 안 별지 제5호서식에서 “주소”를 삭제할 것을 권고한다. 2.「동물원 및 수족관의 관리에 관한 시행규칙」전부개정안(환경부공고 제2023-483호) 안 별지 제6호서식에서 거점동물원 및 수족관의 지정 신청을 위해 “주소(기관명)”을 “...
9,865,2022-05-25,침해요인 평가,「환경분야 시험ㆍ검사 등에 관한 법률 시행규칙」 일부개정안에 대한 개인정보 침해요인 평가 결과,개선권고,,,,"「환경분야 시험ㆍ검사 등에 관한 법률 시행규칙」 일부개정안(환경부공고 제2022-226호) 별지 제1호서식부터 별지 제1호의3서식, 별지 제4호서식, 별지 제4호의2서식, 별지 제5호의3서식 및 별지 제5호의6서식에서 '생년월일’을 '생년월일(사업자 또는 법인등록번호)’로 수정하여 선택적으로 기재할 수 있도록 할 것을 권..."
9,10029,2025-08-13,침해요인 평가,「지하수법 시행령 및 시행규칙」 일부개정안에 대한 개인정보 침해요인 평가에 관한 건,개선권고,,,,"「지하수법 시행규칙」 일부개정안(환경부공고 제2025-512호) 별지 제17호의2서식에서 “주민등록표 초본” 확인을 위한 행정정보 공동이용 동의서를 마련하고, 같은 법 시행령 일부개정안(환경부공고 제2025-511호)에서 주민등록표 초본 확인에 필요한 주민등록번호 처리근거를 마련할 것을 권고한다."
9,6175,2024-05-08,침해요인 평가,「환경보건법 시행규칙」일부개정안에 대한 개인정보 침해요인 평가에 관한 건,개선권고,,,,"「환경보건법 시행규칙」일부개정안(환경부 환경보건정책과-1308호) 별지 제1호의3서식에서 개인정보 제3자 제공 동의서 징구 시 개인정보를 제공받는 자로 '관계기관 및 단체의 장’, '발급위탁금융기관’은 삭제하고, 보유 및 이용기간을 명확히 할 것을 권고한다."
9,8153,2024-05-08,침해요인 평가,「환경보건법 시행규칙」일부개정안에 대한 개인정보 침해요인 평가에 관한 건,개선권고,,,,"「환경보건법 시행규칙」일부개정안(환경부 환경보건정책과-1308호) 별지 제1호의3서식에서 개인정보 제3자 제공 동의서 징구 시 개인정보를 제공받는 자로 '관계기관 및 단체의 장’, '발급위탁금융기관’은 삭제하고, 보유 및 이용기간을 명확히 할 것을 권고한다."
9,4903,2023-10-25,침해요인 평가,「환경오염시설의 통합관리에 관한 법률 시행규칙」일부개정안에 대한 개인정보 침해요인 평가에 관한 건,개선권고,,,,「환경오염시설의 통합관리에 관한 법률 시행규칙」일부개정안(환경부공고 제2023-561호) 별지 제10호의2 및 제10호의3서식의 주민등록번호를 생년월일로 변경할 것을 권고한다.
9,9743,2025-04-23,침해요인 평가,「환경범죄 등의 단속 및 가중처벌에 관한 법률 시행령」 일부개정안에 대한 개인정보 침해요인 평가에 관한 건,개선권고,,,,「환경범죄 등의 단속 및 가중처벌에 관한 법률 시행령」 일부개정안(환경부공고 제2025-273호) 별지 제2호서식에서 대표자 주소란을 삭제할 것을 권고한다.
9,5529,2023-12-13,침해요인 평가,「폐기물처리시설 설치촉진 및 주변지역지원 등에 관한 법률 시행규칙」일부개정안에 대한 개인정보 침해요인 평가에 관한 건,,,,,「폐기물처리시설 설치촉진 및 주변지역지원 등에 관한 법률 시행규칙」일부개정안(환경부공고 제2023-667호)에 대하여 원안동의한다.
9,7505,2023-12-13,침해요인 평가,「폐기물처리시설 설치촉진 및 주변지역지원 등에 관한 법률 시행규칙」일부개정안에 대한 개인정보 침해요인 평가에 관한 건,,,,,「폐기물처리시설 설치촉진 및 주변지역지원 등에 관한 법률 시행규칙」일부개정안(환경부공고 제2023-667호)에 대하여 원안동의한다.
9,2267,2023-03-22,침해요인 평가,「잔류성오염물질 관리법 시행규칙」 일부개정안에 대한 개인정보 침해요인 평가 결과,개선권고,,,,"「잔류성오염물질 관리법 시행규칙」일부개정안(환경부공고 제2023-114호) 별지 제4호의2서식에서 “주소”를 “소재지”로 수정하고, 행정정보 공동이용 동의서에 “기술인력”의 동의를 추가할 것을 권고한다."
9,5405,2023-06-14,침해요인 평가,「자원의 절약과 재활용촉진에 관한 법률 시행규칙」 일부개정안에 대한 개인정보 침해요인 평가 결과,개선권고,,,,「자원의 절약과 재활용촉진에 관한 법률 시행규칙」 일부개정안(환경부공고 제2023-323호) 별지 제6호의6ㆍ제6호의7ㆍ제6호의8서식에서 주소는 삭제할 것을 권고한다.
9,1201,2020-10-28,침해요인 평가,「영산강ㆍ섬진강수계 물관리 및 주민지원 등에 관한 법률 시행령」 일부개정안에 대한 개인정보 침해요인 평가 결과,,,,,「영산강ㆍ섬진강수계 물관리 및 주민지원 등에 관한 법률 시행령」 일부개정안(환경부공고 제2020-833호)에 대하여 원안 동의한다.
10,7137,2024-09-11,침해요인 평가,「디지털의료제품법 시행규칙」 제정안에 대한 개인정보 침해요인 평가에 관한 건,개선권고,,제18조;제20조;제28조의2;제30조;제32조;제33조;제39조;제5조,,"「디지털의료제품법 시행규칙」 제정안(식품의약품안전처공고 제2024- 355호)에 대하여 식품의약품안전처장에게 다음과 같이 개선할 것을 권고한다. 1. 안 제5조, 제20조, 제30조, 제32조, 제33조 및 제39조에 관한 업무를 처리하기 위하여 「디지털의료제품법 시행령」에 민감정보 및 고유식별정보의 처리 근거를 마련해야..."
10,9113,2024-09-11,침해요인 평가,「디지털의료제품법 시행규칙」 제정안에 대한 개인정보 침해요인 평가에 관한 건,개선권고,,제18조;제20조;제28조의2;제30조;제32조;제33조;제39조;제5조,,"「디지털의료제품법 시행규칙」 제정안(식품의약품안전처공고 제2024- 355호)에 대하여 식품의약품안전처장에게 다음과 같이 개선할 것을 권고한다. 1. 안 제5조, 제20조, 제30조, 제32조, 제33조 및 제39조에 관한 업무를 처리하기 위하여 「디지털의료제품법 시행령」에 민감정보 및 고유식별정보의 처리 근거를 마련해야..."
10,4909,2023-10-25,침해요인 평가,「마약류 관리에 관한 법률 시행령」일부개정안에 대한 개인정보 침해요인 평가에 관한 건,개선권고,,제20조의3;제21조,,「마약류 관리에 관한 법률 시행령」일부개정안(식품의약품안전처공고 제2023-460호) 제20조의3제3항에서 “그 개인정보가 불필요하게 되었을 때에는 「개인정보 보호법」 제21조에 따라 해당 개인정보를 파기하여야 한다”를 “그 개인정보가 불필요하게 되었을 때에는 「개인정보 보호법」에 따라 지체 없이 해당 개인정보를 파기하여...
10,1953,2022-12-28,침해요인 평가,「마약류 관리에 관한 법률 시행규칙」 일부개정안에 대한 개인정보 침해요인 평가 결과,개선권고,,,,「마약류 관리에 관한 법률 시행규칙」일부개정안(식품의약품안전처공고 제2022-546호) 별지 제2호서식(마약류ㆍ원료물질 취급승인 신청서)에서 '주소’를 '주소(치료목적 취급승인 신청인의 경우 작성)’로 변경할 것을 권고한다.
10,5029,2023-10-11,침해요인 평가,「노인ㆍ장애인 등 사회복지시설의 급식안전 지원에 관한 법률 시행령」일부개정안에 대한 개인정보 침해요인 평가에 관한 건,,,,,「노인ㆍ장애인 등 사회복지시설의 급식안전 지원에 관한 법률 시행령」일부개정안(식품의약품안전처공고 제2023-412호)에 대하여 원안 동의한다.
10,5177,2023-07-26,침해요인 평가,「의료기기법 시행규칙」 일부개정안에 대한 개인정보 침해요인 평가 결과,개선권고,,제24조;제28조의2;제2조,,「의료기기법 시행규칙」 일부개정안(식품의약품안전처공고 제2023-347호) 제24조제4항에서 “「개인정보 보호법」제2조에 따라 가명처리를 하여”를 “「개인정보 보호법」제28조의2에 따라 가명처리를 하여”로 수정할 것을 권고한다.
10,1821,2022-11-09,침해요인 평가,「의약품 등의 안전에 관한 규칙」 일부개정안에 대한 개인정보 침해요인 평가 결과,개선권고,,,,「의약품 등의 안전에 관한 규칙」 일부개정안(식품의약품안전처공고 제2022-436호) 제82호의5서식(의약품등의 제조?품질관리기준 교육?훈련기관 지정 신청서)에서 대표자의 생년월일을 삭제할 것을 권고한다.
10,2273,2023-03-22,침해요인 평가,「식품위생법 시행령」 일부개정안에 대한 개인정보 침해요인 평가 결과,개선권고,,제40조;제65조의2,,「식품위생법 시행령」 일부개정안(식품의약품안전처공고 제2023-63호) 제65조의2 제7호의 “법 제40조에 따른 건강진단에 관한 사무”에 “(범죄경력자료에 해당하는 정보는 제외한다)”를 추가할 것을 권고한다.
10,1927,2022-12-14,침해요인 평가,「식품위생법 시행규칙」 일부개정안에 대한 개인정보 침해요인 평가 결과,개선권고,,,,「식품위생법 시행규칙」 일부개정안(식품의약품안전처공고 제2022-476호)별지 제30호서식(식품 영업허가 신청서)에서 '7. 가족관계증명서’를 '7. 기본증명서’로 변경할 것을 권고한다.
10,6107,2024-04-24,침해요인 평가,「식품 등의 표시ㆍ광고에 관한 법률 시행규칙」일부개정안에 대한 개인정보 침해요인 평가에 관한 건,,,,,「식품 등의 표시ㆍ광고에 관한 법률 시행규칙」 일부개정안(식품의약품안전처공고 제2024-139호)에 대하여 원안동의한다.
10,8095,2024-04-24,침해요인 평가,「식품 등의 표시ㆍ광고에 관한 법률 시행규칙」일부개정안에 대한 개인정보 침해요인 평가에 관한 건,,,,,「식품 등의 표시ㆍ광고에 관한 법률 시행규칙」 일부개정안(식품의약품안전처공고 제2024-139호)에 대하여 원안동의한다.
10,4801,2023-11-22,침해요인 평가,「식품ㆍ의약품 등의 안전기술 진흥법 시행규칙」전부개정안에 대한 개인정보 침해요인 평가에 관한 건,,,,,「식품ㆍ의약품 등의 안전기술 진흥법 시행규칙」전부개정안(식품의약품안전처공고 제2023-506호)에 대하여 원안동의한다.
10,1559,2022-08-10,침해요인 평가,「식품위생법 시행규칙」 일부개정안에 대한 개인정보 침해 요인 평가 결과,개선권고,,,,"「식품위생법 시행규칙」 일부개정안(식품의약품안전처공고 2022-328호) 별지 제3호서식에서 소재지란의 '담당자 성명’, '전화번호’, '이메일’을 삭제할 것을 권고한다."
10,1161,2020-10-14,침해요인 평가,「의약품 부작용 피해구제에 관한 규정 시행규칙」일부개정안에 대한 개인정보 침해요인 평가 결과,,,,,「의약품 부작용 피해구제에 관한 규정 시행규칙」일부개정안(식품의약품안전처공고 제2020-397호)에 대하여 원안 동의한다.
10,1667,2022-09-08,침해요인 평가,「약사법 시행령」 일부개정안에 대한 개인정보 침해요인 평가 결과,개선권고,,제38조의2,,「약사법 시행령」 일부개정안(식품의약품안전처공고 제2022-341호)에서 제38조의2 제19호는 주민등록번호 또는 외국인등록번호만 처리할 수 있도록 제한하여 규정할 것을 권고한다.
11,1029,2017-04-24,공공시스템·실태점검,2018년 개인정보 보호 시행계획 의결 건,,,제10조;제12조;제29조,유출·침해;동의·고지 위반;안전조치 미흡;민감정보·고유식별정보;정보주체 권리보장,감사원 등 47개 중앙행정기관의 「2018년 개인정보 보호 시행계획」을 붙임과 같이 의결한다.
11,993,2016-04-25,공공시스템·실태점검,2017년도 개인정보보호 시행계획 의결 건,,,제10조;제12조;제18조,유출·침해;동의·고지 위반;안전조치 미흡;영상정보 처리;처리위탁;정보주체 권리보장,감사원 등 47개 중앙행정기관의 「2017년도 개인정보보호 시행계획」을 붙임과 같이 의결한다.
11,191,2015-04-27,공공시스템·실태점검,2016년도 개인정보보호 시행계획 의결 건,,,제10조;제12조;제24조의2,유출·침해;동의·고지 위반;국외이전;안전조치 미흡;보유기간·파기 위반;영상정보 처리;아동 개인정보;민감정보·고유식별정보;처리위탁;정보주체 권리보장,"감사원 등 46개 중앙행정기관의 「2016년도 개인정보보호 시행계획」을 붙임과 같이 의결하되, 행정자치부는 2015년 3월에 발생한 아이핀(I-PIN)사고의 대책 및 후속조치를 반영하여 시행계획을 보완하는 조건으로 의결한다."
11,987,2018-04-23,공공시스템·실태점검,2019년 개인정보보호 시행계획 의결 건,,,제10조;제12조,유출·침해;동의·고지 위반;국외이전;민감정보·고유식별정보;정보주체 권리보장,감사원 등 48개 중앙행정기관의 「2019년 개인정보 보호 시행계획」을 붙임과 같이 의결한다.
11,979,2018-06-25,법규 위반·제재,행정안전부의 개인정보보호 행정처분 결과 공표에 관한 건,,,제15조;제21조;제22조;제24조;제24조의2;제26조;제29조;제34조;제34조의2;제61조;제66조;제75조,유출·침해,"행정안전부장관은 2016. 5. 11. 농업회사법인 주식회사 베어트리파크에, 2017. 8. 8. ㈜블루아일랜드개발, ㈜두산베어스, 더리본 주식회사에, 2017. 9. 20. 학교법인 성결대학교, 상지대학교, 명지대학교, 국립대학법인 인천대학교, 가톨릭대학교, ㈜금성출판사, 주식회사 좋은책신사고에, 2017. 10. 11..."
11,10181,2025-09-10,공공시스템·실태점검,택배 운송장 사전 실태점검 결과에 관한 건,개선권고,,제5조;제7조의9,유출·침해;동의·고지 위반,1. 택배 운송장에 대한 개인정보 마스킹 규칙을 통일하는 등 개인정보 보호 수준을 강화하기 위하여 개인정보 보호법 제7조의9제1항제3호에 따라 다음과 같은 내용을 국토교통부에 권고한다. 가. 개인정보 보호를 위하여 통일된 택배 운송장 마스킹 규칙(이하 '통일 규칙’)을 마련하는 등 택배 운송장 마스킹 개선방안을 마련할 것...
11,1033,2017-04-24,법규 위반·제재,행정자치부의 과태료 부과처분 결과 공표에 관한 건,,,제15조;제21조;제22조;제24조;제29조;제61조;제66조;제75조,,"행정자치부장관은 2016. 8. 12. ㈜대한항공, 이스타항공 주식회사, 롯데쇼핑 주식회사에, 2016. 9. 13. 주식회사 에이치케이저축은행에, 2016. 11. 9. 인천항만공사에, 2016. 11. 23. 비상교육, 정상제이엘에스, ㈜파고다아카데미, ㈜와이비엠에듀, 메가스터디교육에, 2016. 12. 13. 일성레..."
11,1381,2019-06-24,법규 위반·제재,행정안전부의 개인정보보호 행정처분 결과 공표에 관한 건,,,제15조;제17조;제21조;제22조;제24조;제24조의2;제26조;제29조;제61조;제66조;제75조,유출·침해,"행정안전부장관은 2019. 2. 27. ㈜리치몬트코리아, ㈜필립스코리아, ㈜디에이치엘코리아, ㈜유나이티드파슬코리아, 서울호서직업전문학교, 서울종합예술실용학교, 호원대학교, 드림 성형외과의원에 각 처분한 과태료 부과의 내용 및 결과를 각 공표할 수 있다."
11,1149,2016-10-24,법규 위반·제재,행정자치부의 과태료 부과처분 결과 공표에 관한 심의ㆍ의결 건,,,제15조;제21조;제22조;제24조;제26조;제27조;제29조;제30조;제31조;제34조;제61조;제66조;제75조,유출·침해,"행정자치부장관은 2015. 12. 9. 의료법인 혜원의료재단, 2016. 5. 9. 인천국제공항공사, 2016. 5. 10. 남여주레저개발주식회사, 2016. 6. 15. 구로성심병원, 의료법인 성화의료재단 대한병원, 의료법인 양진의료재단 평택성모병원, 가천대부속 동인천길병원에 각 처분한 과태료 부과의 내용 및 결과를 공..."
11,57,2018-10-01,법규 위반·제재,행정안전부의 개인정보보호 행정처분 결과 공표에 관한 건,,,제21조;제24조;제61조;제66조;제75조,유출·침해;보유기간·파기 위반,"행정안전부장관은 2018. 2. 21. 한국감정원에 처분한 과태료 부과의 내용 및 결과를 공표할 수 있다. 다만, 2018. 4. 25. ○○에 처분한 과태료 부과의 내용 및 결과는 공표할 수 없다."
11,1041,2018-01-08,법규 위반·제재,행정안전부의 과태료 부과처분 결과 공표에 관한 건,,,제15조;제21조;제24조;제24조의2;제26조;제29조;제30조;제61조;제66조;제75조,유출·침해,"행정안전부장관은 2017. 2. 21. 부산도시공사에, 2017. 2. 28. ㈜케이알티, 좋은라이프 주식회사, 주식회사 케이디스포츠에, 2017. 5. 15. 전쟁기념사업회에, 2017. 7. 13. 경기도시공사에 각 처분한 과태료 부과의 내용 및 결과를 각 공표할 수 있다."
11,1113,2012-12-24,민원·해석,교통영상정보 외부기관 연계ㆍ송출의 개인정보보호법 저촉 여부 질의 건,개선권고,,제13조;제14조;제17조;제18조;제58조,유출·침해;영상정보 처리,서울지방경찰청장이 질의한 '인터넷과 스마트폰으로 제공되는 교통영상정보에 대하여 외부기관으로의 연계ㆍ송출이 개인정보보호법에 저촉되는지 여부’에 대하여 다음과 같이 의결한다. 1. 서울지방경찰청이 교통영상정보를 외부기관에 연계ㆍ송출하면서 개인정보가 포함될 정도로 CCTV를 제어한 경우에는 개인정보보호법 제18조 제1항에 저촉...
11,379,2014-04-28,기타,스마트폰 응용 프로그램(application program)의 사용에 있어서 개인정보 보호를 위한 제도개선,,,제17조;제23조;제30조;제35조;제36조;제37조;제3조,유출·침해;동의·고지 위반;정보주체 권리보장,"방송통신위원회 위원장에게 스마트폰 응용 프로그램(application program, 이하 “앱”이라 한다) 사용과 관련한 개인정보 보호를 위하여 앱 마켓 운영자 등으로 하여금 다음과 같은 조치를 취하게 할 필요가 있다. 1. 각 앱이 처리하는 개인정보가 목적 달성을 위해 필요 최소한의 것인지 여부 등을 앱 마켓 등재 전..."
11,239,2019-02-11,법규 위반·제재,행정안전부의 개인정보보호 행정처분 결과 공표에 관한 건,,,제21조;제23조;제29조;제61조;제66조;제75조,,"행정안전부장관은 2018. 8. 1. 아우디폭스바겐코리아주식회사에, 2018. 8. 13. 한국산업안전보건공단에 각 처분한 과태료 부과의 내용 및 결과를 각 공표할 수 있다."
11,1123,2012-11-26,기타,중ㆍ고등학교 전자학생증 발급관련 개선권고,개선권고,,제26조;제28조;제30조;제31조,유출·침해;목적 외 이용;보유기간·파기 위반;처리위탁,"개인정보보호위원회는 중ㆍ고등학교의 전자학생증 발급과 관련하여, 각 학교가 「개인정보 보호법」을 철저히 준수하도록 교육과학기술부장관에게 아래와 같이 권고한다. 1. 각 학교가 위탁계약서에 목적외 처리금지, 기술적ㆍ관리적 보호조치에 관한 사항 등 「개인정보보호법」 제26조제1항 및 동법 시행령 제28조 등에 규정된 내용을 충..."
12,2243,2023-03-22,침해요인 평가,「고용보험 및 산업재해보상보험의 보험료징수 등에 관한 법률 시행령」일부개정안에 대한 개인정보 침해요인 평가 결과,개선권고,,제48조의6;제48조의7;제54조의2,,"1. 「고용보험 및 산업재해보상보험의 보험료징수 등에 관한 법률 시행령」일부개정안(고용노동부 공고 제2023-120호) 제54조의2 제2항 제1호 내지 제4호가목에서 “노무제공자로부터 노무제공을 받는 사업주 명단 및 노무제공자 명단, 노무제공내용, 노무제공자의 소득, 보험대리점 명단 등”을“노무제공자로부터 노무제공을 받는..."
12,253,2020-09-23,침해요인 평가,「구직자 취업촉진 및 생활안정지원에 관한 법률 시행규칙」 제정안에 대한 개인정보 침해요인 평가 결과,개선권고,,제22조,,"1. 「구직자 취업촉진 및 생활안정지원에 관한 법률 시행규칙」 제정안(고용노동부공고 제2020-333호) 별지 제1호서식 신청인용ㆍ가구원용 동의서에서 제목과 소제목을 내용에 맞게 수정하고, 제3쪽 신청인용 동의서에서 신청인란을 삭제하고, 제5쪽 가구원용 동의서에서 가구원란을 삭제하고 필요시 가구원 인적사항은 신청서 서식으..."
12,2465,2023-05-10,침해요인 평가,「국민 평생 직업능력 개발법 시행령」 일부개정안에 대한 개인정보 침해요인 평가 결과,개선권고,,제23조의2;제26조;제52조의2,,1. 「국민 평생 직업능력 개발법 시행령」일부개정안(고용노동부 공고 제2023-196호) 안 제23조의2 제3항에서 “주민등록번호”를 “생년월일”로 변경할 것을 권고한다. 2. 「국민 평생 직업능력 개발법 시행령」일부개정안(고용노동부 공고 제2023-196호) 안 제52조의2제5호의2에서 “법 25조에 따른 개인별 직무능...
12,1283,2020-09-09,침해요인 평가,「건설근로자의 고용개선 등에 관한 법률 시행규칙」 일부개정안에 대한 개인정보 침해요인 평가 결과,개선권고,,제16조의2,,1. 「건설근로자의 고용개선 등에 관한 법률 시행규칙」 일부개정안(고용노동부공고 제2020-325호) 제16조의2 단서에서 피공제자에게 민감정보 처리에 대하여 별도로 동의를 받은 경우에만 지문 등을 처리할 수 있도록 동 조항에 명시할 것을 권고한다. 2. 「건설근로자의 고용개선 등에 관한 법률 시행규칙」 일부개정안(고용노...
12,1771,2022-10-12,침해요인 평가,「고용보험 및 산업재해보상보험의 보험료징수 등에 관한 법률 시행규칙」 일부개정안에 대한 개인정보 침해요인 평가 결과,개선권고,,,,「고용보험 및 산업재해보상보험의 보험료징수 등에 관한 법률 시행규칙」 일부개정안(고용노동부공고 제2022-375호) 별지 제55호의3서식(노무제공플랫폼사업자 피보험자 및 징수사무 지원 처리장부)에서 '주민등록번호’를 '생년월일’로 변경할 것을 권고한다.
12,345,2022-04-27,침해요인 평가,「장애인고용촉진 및 직업재활법 시행령」 일부개정안에 대한 개인정보 침해요인 평가 결과,개선권고,,제18조;제82조의2,,「장애인고용촉진 및 직업재활법 시행령」 일부개정안(고용노동부공고 제2022-151호) 제82조의2 각 호 외의 부분 중 “같은 법 시행령 제18조 제2호에 따른 범죄경력자료에 해당하는 정보”를 “같은 법 시행령 제18조 제2호에 따른 범죄경력자료에 해당하는 정보(제8호의2는 제외한다)”로 변경할 것을 권고한다.
12,2331,2023-04-12,침해요인 평가,「산업재해보상보험법 시행령」일부개정안에 대한 개인정보 침해요인 평가 결과,개선권고,,제31조의2,,「산업재해보상보험법 시행령」일부개정안(고용노동부공고 제2023-118호) 안 127조의2제1호의2에서 법 제31조의2제1항제1호 내지 제9호는 “법 제31조의2에 따른 가족관계등록 전산정보의 공동이용”을 “법 제31조의2에 따른 가족관계등록 전산정보의 공동이용(주민등록번호 및 외국인등록번호에 한함)”처리 사무로 구체화 할...
12,861,2022-05-25,침해요인 평가,「산업안전보건법 시행령」 일부개정안에 대한 개인정보 침해요인 평가 결과,개선권고,,제117조;제18조,,「산업안전보건법 시행령」 일부개정안(고용노동부공고 제2022-199호) 제117조 각 호 외의 부분 중 “같은 법 시행령 제18조 제2호에 따른 범죄경력자료에 해당하는 정보”를 “같은 법 시행령 제18조 제2호에 따른 범죄경력자료에 해당하는 정보(제9호는 제외한다)”로 변경할 것을 권고한다.
12,5443,2023-05-26,침해요인 평가,「산업안전기본법 시행령」일부개정안에 대한 개인정보 침해요인 평가 결과,개선권고,,제105조;제117조,,「산업안전기본법 시행령」일부개정안(고용노동부 산업안전정책과 2685호) 안 제117조제7호에서 “제105조제3항 지도사 자격증의 발급ㆍ관리”를 “제105조제3항 지도사 자격증의 발급ㆍ관리(주민등록번호 또는 외국인등록번호에 한함)”로 구체화할 것을 권고한다.
12,641,2022-02-23,침해요인 평가,「근로자퇴직급여 보장법 시행령」 일부개정안에 대한 개인정보 침해요인 평가 결과,개선권고,,제32조;제43조,,"「근로자퇴직급여 보장법 시행령」 일부개정안(고용노동부공고 제2022-13호) 제43조에서 고유식별정보 처리 주체에 '법 제32조제2항에 따라 사용자로부터 교육의 실시를 위탁받은 기관’을 추가하며, 제5호를 삭제할 것을 권고한다."
12,6099,2024-04-24,침해요인 평가,「고용보험 및 산업재해보상보험의 보험료 징수 등에 관한 법률 시행규칙」일부개정안에 대한 개인정보 침해요인 평가에 관한 건,,,,,「고용보험 및 산업재해보상보험의 보험료징수 등에 관한 법률 시행규칙」 일부개정안(고용노동부공고 제2024-152호)에 대하여 원안동의한다.
12,8081,2024-04-24,침해요인 평가,「고용보험 및 산업재해보상보험의 보험료 징수 등에 관한 법률 시행규칙」일부개정안에 대한 개인정보 침해요인 평가에 관한 건,,,,,「고용보험 및 산업재해보상보험의 보험료징수 등에 관한 법률 시행규칙」 일부개정안(고용노동부공고 제2024-152호)에 대하여 원안동의한다.
12,7417,2024-11-04,침해요인 평가,「고용보험 및 산업재해보상보험의 보험료징수 등에 관한 법률 시행규칙」일부 개정안에 대한 개인정보 침해요인 평가에 관한 건,,,,,「고용보험 및 산업재해보상보험의 보험료징수 등에 관한 법률 시행규칙」일부개정안(고용노동부공고 제2024-393호)에 대하여 원안 동의한다.
12,9387,2024-11-04,침해요인 평가,「고용보험 및 산업재해보상보험의 보험료징수 등에 관한 법률 시행규칙」일부 개정안에 대한 개인정보 침해요인 평가에 관한 건,,,,,「고용보험 및 산업재해보상보험의 보험료징수 등에 관한 법률 시행규칙」일부개정안(고용노동부공고 제2024-393호)에 대하여 원안 동의한다.
12,4915,2023-10-25,침해요인 평가,「고용보험 및 산업재해보상보험의 보험료징수 등에 관한 법률 시행규칙」일부개정안에 대한 개인정보 침해요인 평가에 관한 건,,,,,「고용보험 및 산업재해보상보험의 보험료징수 등에 관한 법률 시행규칙」일부개정안(고용노동부공고 제2023-480호)에 대하여 원안 동의한다.
13,465,2022-01-26,침해요인 평가,「도시교통정비 촉진법 시행령」일부개정안에 대한 개인정보 침해요인 평가 결과,개선권고,,제32조의2;제38조,,"1.「도시교통정비 촉진법 시행령」일부개정안(국토교통부공고 제2021-1869호) 제38조에서 조문 제목을 '민감정보 및 고유식별정보의 처리’로 변경하고, 조문에 '범죄경력자료에 해당하는 자료(제1호만 해당한다)’를 추가할 것을 권고한다. 2.「도시교통정비 촉진법 시행령」일부개정안(국토교통부공고 제2021-1869호) 제3..."
13,481,2022-01-26,침해요인 평가,「도시교통정비 촉진법 시행규칙」일부개정안에 대한 개인정보 침해요인 평가 결과,개선권고,,,,"1.「도시교통정비 촉진법 시행규칙」일부개정안(국토교통부공고 제2021-1870호) 별지 제11호서식에서 신청인의 한자 및 영문 성명란을 삭제하고, 전화번호 또는 휴대전화번호로 수정하여 선택적으로 기재하도록 하며, 국적은 삭제할 것을 권고한다. 2.「도시교통정비 촉진법 시행규칙」일부개정안(국토교통부공고 제2021-1870호..."
13,1843,2022-11-09,침해요인 평가,「국토의 계획 및 이용에 관한 법률 시행규칙」 일부개정안에 대한 개인정보 침해요인 평가 결과,개선권고,,제19조,,"「국토의 계획 및 이용에 관한 법률 시행규칙」일부개정안(국토교통부공고 제2022-1349호) 별지 제9호서식(도시ㆍ군계획시설사업 시행자 지정 신청서) 신청인 제출서류 3에서 '신분증(여권, 주민등록증 등 신원 확인 가능한 신분증명서) 사본’을 '신분증 사본(주민등록증의 주민등록번호 중 뒷자리의 7개 숫자를 가리고 복사 등..."
13,9587,2025-02-26,침해요인 평가,「이륜자동차검사의 시행 등에 관한 규칙」 제정안에 대한 개인정보 침해요인 평가에 관한 건,개선권고,,,,"「이륜자동차검사의 시행 등에 관한 규칙」 제정안(국토교통부공고 제2025-154호) 별지 제7호서식에서 생년월일, 전화번호를, 별지 제9호, 제13호서식에서 생년월일을 삭제할 것을 권고한다. 「이륜자동차검사의 시행 등에 관한 규칙」 제정안(국토교통부공고 제2025-호) 별지 제11호, 제15호, 제17호서식에서 생년월일을..."
13,1213,2020-11-11,침해요인 평가,「건축법 시행규칙」일부개정안에 대한 개인정보 침해요인 평가 결과,개선권고,,제119조의11;제38조의3;제71조,,1.「건축법 시행규칙」일부개정안(국토교통부공고 제2020-1368호) 제38조의3 및 별지 제27호의3서식에서 신분증 사본을 처리하기 위하여 동법 시행령 제119조의11(고유식별정보의 처리)에'법 제71조에 따른 특별건축구역 지정에 관한 사무’를 추가할 것을 권고한다. 2.「건축법 시행규칙」일부개정안(국토교통부공고 제20...
13,1327,2020-09-09,침해요인 평가,「기계설비법 시행규칙」일부개정안에 대한 개인정보 침해요인 평가 결과,개선권고,,,,"1. 「기계설비법 시행규칙」개정안(국토교통부공고 제2020-1058호) 별지 제9호의4서식에서 담당공무원 확인사항란을 추가하여 신청인(대리인) 신분증 확인으로 변경하고, 첨부서류에는 대리인 신청시 신청인의 위임장 첨부로 변경할 것을 권고한다. 2. 「기계설비법 시행규칙」개정안(국토교통부공고 제2020-1058호) 별지 제..."
13,2067,2023-01-30,침해요인 평가,「드론 활용의 촉진 및 기반조성에 관한 법률 시행규칙」 일부개정안에 대한 개인정보 침해요인 평가 결과,개선권고,,제9조,,"「드론 활용의 촉진 및 기반조성에 관한 법률 시행규칙」일부개정안(국토교통부공고 제2022-1553호) 제9조제2항에서 “공공기관이 법령 등에서 정하는 소관 업무의 수행을 위하여 불가피한 경우에 관련 정보를 공유할 수 있도록 한다”는 내용을 별도로 규정하고, 보험 또는 공제를 판매하는 자는 공유의 대상에서 제외할 것을 권고..."
13,7279,2024-10-23,침해요인 평가,「전세사기피해자 지원 및 주거안정에 관한 특별법 시행규칙」 일부개정안에 대한 개인정보 침해요인 평가에 관한 건,개선권고,,,,「전세사기피해자 지원 및 주거안정에 관한 특별법 시행규칙」일부개정안(국토교통부공고 제2024-1374호) 별지 제2호서식에서 1. 개인정보 수집ㆍ이용에 관한 사항 및 2. 개인정보의 제공ㆍ조회에 관한 사항 중 '대리인의 서명 또는 인’의 삭제를 권고한다.
13,9265,2024-10-23,침해요인 평가,「전세사기피해자 지원 및 주거안정에 관한 특별법 시행규칙」 일부개정안에 대한 개인정보 침해요인 평가에 관한 건,개선권고,,,,「전세사기피해자 지원 및 주거안정에 관한 특별법 시행규칙」일부개정안(국토교통부공고 제2024-1374호) 별지 제2호서식에서 1. 개인정보 수집ㆍ이용에 관한 사항 및 2. 개인정보의 제공ㆍ조회에 관한 사항 중 '대리인의 서명 또는 인’의 삭제를 권고한다.
13,5331,2023-06-27,침해요인 평가,「대구경북통합신공항 건설을 위한 특별법 시행령」 제정안에 대한 개인정보 침해요인 평가 결과,개선권고,,제15조,,「대구경북통합신공항 건설을 위한 특별법 시행령」 제정안(국토교통부공고 제2023-620호) 제15조의 고시사항 포함정보 중 “국토교통부장관 외의 사업시행자의 성명 및 주소(법인인 경우에는 법인의 명칭 및 주소와 대표자의 성명 및 주소)”에서 법인 대표자의 주소는 삭제할 것을 권고한다.
13,5395,2023-06-14,침해요인 평가,「모빌리티 혁신 및 활성화 지원에 관한 법률 시행규칙」 제정안에 대한 개인정보 침해요인 평가 결과,개선권고,,,,"「모빌리티 혁신 및 활성화 지원에 관한 법률 시행규칙」 제정안(국토교통부공고 제2023-590호) 별지 제1ㆍ11호서식에서 주소를 지정서 서식과 같이 소재지로 수정하고, 담당 공무원 확인사항의 “사업자등록증”은 “사업자등록증명”으로 수정할 것을 권고한다."
13,7423,2024-11-27,침해요인 평가,「교통약자의 이동편의 증진법 시행규칙」 일부개정안에 대한 개인정보 침해요인 평가에 관한 건,개선권고,,,,"「교통약자의 이동편의 증진법 시행규칙」일부개정안(국토교통부공고 제2024-1449호) 별지 제3호~제5호서식에서 특별교통수단 운전자의 결격 사유 확인을 위한 주민등록번호 처리 근거를 동 시행령 이상에 마련하고, 별지 제5호서식에서 주소를 삭제할 것을 권고한다."
13,9395,2024-11-27,침해요인 평가,「교통약자의 이동편의 증진법 시행규칙」 일부개정안에 대한 개인정보 침해요인 평가에 관한 건,개선권고,,,,"「교통약자의 이동편의 증진법 시행규칙」일부개정안(국토교통부공고 제2024-1449호) 별지 제3호~제5호서식에서 특별교통수단 운전자의 결격 사유 확인을 위한 주민등록번호 처리 근거를 동 시행령 이상에 마련하고, 별지 제5호서식에서 주소를 삭제할 것을 권고한다."
13,7455,2024-12-11,침해요인 평가,「생활물류서비스산업발전법 시행령」 일부개정안에 대한 개인정보 침해요인 평가에 관한 건,개선권고,,제19조의4;제42조,,"「생활물류서비스산업발전법 시행령」일부개정안(국토교통부공고 제2024-1525호) 제42조 제3항에 법 제19조의4제1항에 따른 운전자격 확인에 관한 사무를 민감정보 및 고유식별정보 처리 사무로 추가하고, 처리하는 고유식별번호에 여권번호를 추가할 것을 권고한다."
13,9431,2024-12-11,침해요인 평가,「생활물류서비스산업발전법 시행령」 일부개정안에 대한 개인정보 침해요인 평가에 관한 건,개선권고,,제19조의4;제42조,,"「생활물류서비스산업발전법 시행령」일부개정안(국토교통부공고 제2024-1525호) 제42조 제3항에 법 제19조의4제1항에 따른 운전자격 확인에 관한 사무를 민감정보 및 고유식별정보 처리 사무로 추가하고, 처리하는 고유식별번호에 여권번호를 추가할 것을 권고한다."
14,331,2020-10-14,침해요인 평가,「해양조사와 해양정보 활용에 관한 법률 시행규칙」 제정안에 대한 개인정보 침해요인 평가 결과,개선권고,,,,1. 「해양조사와 해양정보 활용에 관한 법률 시행규칙」 제정안(해양수산부공고 제2020-1177호) 별지 제13호서식에서 소속회사 대표자의 주민등록번호를 삭제할 것을 권고한다. 2. 「해양조사와 해양정보 활용에 관한 법률 시행규칙」 제정안(해양수산부공고 제2020-1177호) 별지 제16호서식에서 '근무처’ 항목을 삭제할...
14,265,2020-09-09,침해요인 평가,「수산식품산업의 육성 및 지원에 관한 법률 시행규칙」 제정안에 대한 개인정보 침해요인 평가 결과,개선권고,,,,"1.「수산식품산업의 육성 및 지원에 관한 법률 시행규칙」 제정안(해양수산부공고 제2020-1118호) 별지 제7호서식, 별지 제14호서식, 별지 제15호서식과 별지 제19호서식에서 직업을 삭제할 것을 권고한다. 2.「수산식품산업의 육성 및 지원에 관한 법률 시행규칙」 제정안(해양수산부공고 제2020-1118호) 별지 제1..."
14,289,2020-09-23,침해요인 평가,「수산직접지불제 시행에 관한 법률 시행규칙」 전부개정안에 대한 개인정보 침해요인 평가 결과,개선권고,,,,"1. 「수산직접지불제 시행에 관한 법률 시행규칙」 전부개정안(해양수산부공고 제2020-1149호) 별지 제3호서식, 별지 제5호서식, 별지 제7호서식, 별지 제9호서식과 별지 제10호서식에서 개인정보 수집ㆍ이용ㆍ제공 및 조회 동의서는 각각 동의를 받도록 서식을 수정할 것을 권고한다. 2. 「수산직접지불제 시행에 관한 법률..."
14,805,2020-11-25,침해요인 평가,「내수면 가두리양식어업 면허기간 연장불허에 따른 손실보상에 관한 특별법 시행규칙」 제정안에 대한 개인정보 침해요인 평가 결과,개선권고,,,,1.「내수면 가두리양식어업 면허기간 연장불허에 따른 손실보상에 관한 특별법 시행규칙」 제정안(해양수산부공고 제2020-1278호) 별지 제1호서식에서 대표자의 주민등록번호 처리를 위해 동 시행령 본문에 주민등록번호 처리근거를 마련할 것을 권고한다. 2.「내수면 가두리양식어업 면허기간 연장불허에 따른 손실보상에 관한 특별법...
14,819,2020-12-09,침해요인 평가,「자율관리어업 육성 및 지원에 관한 법률 시행규칙」제정안에 대한 개인정보 침해요인 평가 결과,개선권고,,,,1. 「자율관리어업 육성 및 지원에 관한 법률 시행규칙」제정안(해양수산부공고 제2020-1260호) 별지 제1호서식에서 신청인의 생년월일을 삭제할 것을 권고한다. 2. 「자율관리어업 육성 및 지원에 관한 법률 시행규칙」제정안(해양수산부공고 제2020-1260호) 별지 제2호서식에서 대표자 생년월일을 삭제할 것을 권고한다....
14,1755,2022-09-28,침해요인 평가,「해사안전법 시행규칙」일부개정안에 대한 개인정보 침해요인 평가 결과,개선권고,,제21조의2,,"1. 「해사안전법 시행규칙」일부개정안(해양수산부공고 제2022-872호) 별지 제14호의2서식에서 대표자 생년월일, 선임자 주소를 삭제할 것을 권고한다. 2. 「해사안전법 시행규칙」일부개정안(해양수산부공고 제2022-872호) 별지 제14호의3서식에서 주민등록번호 수집 근거를 동 법 시행령 제21조의2에 마련할 것을 권고..."
14,285,2020-09-23,침해요인 평가,「해양교육 및 해양문화의 활성화에 관한 법률 시행규칙」 제정안에 대한 개인정보 침해요인 평가 결과,개선권고,,,,"1. 「해양교육 및 해양문화의 활성화에 관한 법률 시행규칙」 제정안(해양수산부공고 제2020-1153호) 별지 제1호서식, 별지 제2호서식, 별지 제3호서식, 별지 제5호서식과 별지 제6호서식에서 생년월일을 삭제할 것을 권고한다. 2. 「해양교육 및 해양문화의 활성화에 관한 법률 시행규칙」 제정안(해양수산부공고 제2020..."
14,6799,2024-06-26,침해요인 평가,「해양수산부 소관 친환경농어업 육성 및 유기식품 등의 관리ㆍ지원에 관한 법률 시행규칙」일부개정안에 대한 개인정보 침해요인 평가에 관한 건,개선권고,,,,「해양수산부 소관 친환경농어업 육성 및 유기식품 등의 관리ㆍ지원에 관한 법률 시행규칙」일부개정안(해양수산부공고 제2024-796호) 별지 제1호의2서식의 동의서 제2호에서 제공되는 개인정보의 항목과 보유 및 이용기간을 추가로 규정하여 동의받을 것을 권고한다.
14,8779,2024-06-26,침해요인 평가,「해양수산부 소관 친환경농어업 육성 및 유기식품 등의 관리ㆍ지원에 관한 법률 시행규칙」일부개정안에 대한 개인정보 침해요인 평가에 관한 건,개선권고,,,,「해양수산부 소관 친환경농어업 육성 및 유기식품 등의 관리ㆍ지원에 관한 법률 시행규칙」일부개정안(해양수산부공고 제2024-796호) 별지 제1호의2서식의 동의서 제2호에서 제공되는 개인정보의 항목과 보유 및 이용기간을 추가로 규정하여 동의받을 것을 권고한다.
14,1935,2022-12-14,침해요인 평가,「수산업ㆍ어촌 공익기능 증진을 위한 직접지불제도 운영에 관한 법률 시행규칙」 일부개정안에 대한 개인정보 침해요인 평가 결과,개선권고,,제11조,,「수산업ㆍ어촌 공익기능 증진을 위한 직접지불제도 운영에 관한 법률 시행규칙」 일부개정안(해양수산부공고 제2022-1036호) 제11조제2항에서 배우자 인적사항은 어업인이 사망하여 배우자가 약정을 승계하는 경우에만 수집하도록 조문을 수정할 것을 권고한다.
14,4841,2023-11-08,침해요인 평가,「항만운송사업법 시행규칙」일부개정안에 대한 개인정보 침해요인 평가에 관한 건,개선권고,,,,"1. 「항만운송사업법 시행규칙」일부개정안(해양수산부공고 제2023-1111호) 별지 제11호서식에서 생년월일을 생년월일(법인등록번호)로, 주민등록표 등본을 주민등록표 초본으로 변경할 것을 권고한다. 2. 「항만운송사업법 시행규칙」일부개정안(해양수산부공고 제2023-1111호) 별지 제12호서식에서 생년월일을 삭제할 것을 ..."
14,1197,2020-10-28,침해요인 평가,「큰글자 서식 개편을 위한 어업의 허가 및 신고 등에 관한 규칙 등 2개 부령 일부개정을 위한 부령」 제정안에 대한 개인정보 침해요인 평가 결과,,,,,「큰글자 서식 개편을 위한 어업의 허가 및 신고 등에 관한 규칙 등 2개 부령 일부개정을 위한 부령」 제정안(해양수산부공고 제2020-1240호)에 대하여 원안 동의한다.
14,831,2020-12-23,침해요인 평가,「해양치유자원의 관리 및 활용에 관한 법률 시행규칙」 제정안에 대한 개인정보 침해요인 평가 결과,개선권고,,,,「해양치유자원의 관리 및 활용에 관한 법률 시행규칙」 제정안(해양수산부공고 제2020-1307호) 별지 제5호서식에서 법인인 경우 대표자의 생년월일이 기재되지 않도록 '생년월일’을 '생년월일(사업자등록번호 또는 법인등록번호)로 서식을 수정할 것을 권고한다.
14,793,2020-11-25,침해요인 평가,「내수면 가두리양식어업 면허기간 연장불허에 따른 손실보상에 관한 특별법 시행령」 제정안에 대한 개인정보 침해요인 평가 결과,개선권고,,,,「내수면 가두리양식어업 면허기간 연장불허에 따른 손실보상에 관한 특별법 시행령」 제정안(해양수산부공고 제2020-1277호) 별지 제1호서식에서 개인정보 수집ㆍ이용ㆍ제공 동의서를 삭제할 것을 권고한다.
14,2327,2023-04-12,침해요인 평가,「해수욕장의 운영 및 관리에 관한 법률 시행령」 일부개정안에 대한 개인정보 침해요인 평가 결과,개선권고,,제10조의2,,"「해수욕장의 운영 및 관리에 관한 법률 시행령」일부개정안(해양수산부공고 제2023-438호) 제10조의2 제5항에서 주민등록번호를 삭제하고, 정당한 권리자임을 확인하는 방법을 서류 대신 개인정보를 수집하지 않는 방식으로 변경할 것을 권고한다."
15,10131,2025-08-27,법규 위반·제재,개인정보보호 법규 위반행위에 대한 시정조치에 관한 건,과징금;과태료;시정명령;공표명령;개선권고,1347.9억원,제10조;제11조;제29조;제2조;제30조;제31조;제34조;제39조;제3조;제40조;제48조의3;제5조;제60조의2;제61조;제63조;제64조;제64조의2;제66조;제6조;제75조;제76조;제7조;제8조;제9조,유출·침해;동의·고지 위반;안전조치 미흡;접근권한·내부통제;처리위탁;정보주체 권리보장,"1. 피심인에 대하여 다음과 같이 시정조치를 명한다. 피심인은 국민 생활에 밀접한 이동통신 서비스를 제공하는 기간통신사업자로서 개인정보 보호 강화 및 유출 사고 재발 방지를 위하여, 가. 개인정보 처리 현황을 면밀히 파악하여 이동통신망 내 개인정보처리시스템에 대한 불법적인 접근 가능 경로 및 취약점 등 침해사고 위험 요소..."
15,1977,2022-09-14,법규 위반·제재,개인정보보호 법규 위반행위에 대한 시정조치 등에 관한 건,과징금;시정명령;공표명령,692.4억원,제12조;제15조;제17조;제22조;제26조의2;제2조;제39조의15;제39조의3;제48조의11;제48조의2;제4조;제5조;제64조;제66조;제8조;제9조,유출·침해;동의·고지 위반;보유기간·파기 위반;민감정보·고유식별정보;처리위탁;정보주체 권리보장,"1. 피심인에 대하여 다음과 같이 시정조치를 명한다. 가. 피심인은 이용자의 타사 행태정보를 수집ㆍ이용하려면 이용자가 자유로운 결정권을 행사하고 쉽고 명확하게 인지할 수 있도록 이용자에게 알리고 동의를 받아야 한다. 나. 위 가의 시정명령에 따른 시정조치를 이행하고, 시정조치 명령 처분통지를 받은 날로부터 90일 이내에 ..."
15,1979,2022-09-14,법규 위반·제재,개인정보보호 법규 위반행위에 대한 시정조치 등에 관한 건,과징금;시정명령;공표명령,308.1억원,제12조;제15조;제17조;제22조;제26조의2;제2조;제39조의15;제39조의3;제48조의11;제48조의2;제4조;제5조;제64조;제66조;제6조;제8조,유출·침해;동의·고지 위반;보유기간·파기 위반;민감정보·고유식별정보;처리위탁;정보주체 권리보장,"1. 피심인에 대하여 다음과 같이 시정조치를 명한다. 가. 피심인은 이용자의 타사 행태정보를 수집ㆍ이용하려면 이용자가 자유로운 결정권을 행사하고 쉽고 명확하게 인지할 수 있도록 이용자에게 알리고 동의를 받아야 한다. 나. 위 가의 시정명령에 따른 시정조치를 이행하고, 시정조치 명령 처분통지를 받은 날로부터 90일 이내에 ..."
15,9537,2022-09-14,법규 위반·제재,개인정보보호 법규 위반행위에 대한 시정조치 등에 관한 건,과징금;시정명령;공표명령,308.1억원,제12조;제15조;제17조;제22조;제26조의2;제2조;제39조의15;제39조의3;제48조의11;제48조의2;제4조;제5조;제64조;제66조;제6조;제8조,유출·침해;동의·고지 위반;보유기간·파기 위반;민감정보·고유식별정보;처리위탁;정보주체 권리보장,"1. 피심인에 대하여 다음과 같이 시정조치를 명한다. 가. 피심인은 이용자의 타사 행태정보를 수집ㆍ이용하려면 이용자가 자유로운 결정권을 행사하고 쉽고 명확하게 인지할 수 있도록 이용자에게 알리고 동의를 받아야 한다. 나. 위 가의 시정명령에 따른 시정조치를 이행하고, 시정조치 명령 처분통지를 받은 날로부터 90일 이내에 ..."
15,7153,2024-05-22,법규 위반·제재,개인정보보호 법규 위반행위에 대한 시정조치에 관한 건,과징금;과태료;시정명령,151.4억원,제25조;제29조;제2조;제32조의2;제39조의15;제39조의4;제48조의11;제48조의2;제48조의4;제4조;제5조;제63조;제64조;제66조;제6조;제75조;제7조;제8조,유출·침해;동의·고지 위반;안전조치 미흡;민감정보·고유식별정보;정보주체 권리보장,"1. 피심인 에 대하여 다음과 같이 시정조치를 명한다. 가. 피심인은 이용자 대상 개인정보 유출 통지를 실시하여야 한다. 나. 피심인은 가.의 시정명령에 따른 시정조치를 이행하고, 시정조치 명령 처분통지를 받은 날로부터 60일 이내에 이행 결과를 개인정보보호위원회에 제출하여야 한다. 2. 피심인 에 대하여 다음과 같이 과..."
15,9129,2024-05-22,법규 위반·제재,개인정보보호 법규 위반행위에 대한 시정조치에 관한 건,과징금;과태료;시정명령,151.4억원,제25조;제29조;제2조;제32조의2;제39조의15;제39조의4;제48조의11;제48조의2;제48조의4;제4조;제5조;제63조;제64조;제66조;제6조;제75조;제7조;제8조,유출·침해;동의·고지 위반;안전조치 미흡;민감정보·고유식별정보;정보주체 권리보장,"1. 피심인 에 대하여 다음과 같이 시정조치를 명한다. 가. 피심인은 이용자 대상 개인정보 유출 통지를 실시하여야 한다. 나. 피심인은 가.의 시정명령에 따른 시정조치를 이행하고, 시정조치 명령 처분통지를 받은 날로부터 60일 이내에 이행 결과를 개인정보보호위원회에 제출하여야 한다. 2. 피심인 에 대하여 다음과 같이 과..."
15,9671,2024-05-08,법규 위반·제재,개인정보보호 법규 위반행위에 대한 시정조치에 관한 건,과징금;과태료;시정명령;공표명령,75.0억원,제10조;제11조;제21조;제24조;제24조의2;제29조;제30조;제4조;제5조;제60조의2;제63조;제64조;제64조의2;제66조;제6조;제75조;제76조;제7조;제8조;제9조,유출·침해;동의·고지 위반;안전조치 미흡;보유기간·파기 위반;민감정보·고유식별정보;접근권한·내부통제;정보주체 권리보장,"1. 피심인에 대하여 다음과 같이 과징금과 과태료를 부과한다. 가. 과 징 금 : 7,504,000,000원 나. 과 태 료 : 5,400,000원 다. 납부기한 : 고지서에 명시된 납부기한 이내 라. 납부장소 : 한국은행 국고수납 대리점 2. 피심인에 대하여 다음과 같이 시정조치를 명한다. 가. 피심인은 회사 내 처리되..."
15,9675,2024-05-08,법규 위반·제재,개인정보보호 법규 위반행위에 대한 시정조치에 관한 건,과징금;과태료;시정명령;공표명령,75.0억원,제10조;제11조;제21조;제24조;제24조의2;제29조;제30조;제4조;제5조;제60조의2;제63조;제64조;제64조의2;제66조;제6조;제75조;제76조;제7조;제8조;제9조,유출·침해;동의·고지 위반;안전조치 미흡;보유기간·파기 위반;민감정보·고유식별정보;접근권한·내부통제;정보주체 권리보장,"1. 피심인에 대하여 다음과 같이 과징금과 과태료를 부과한다. 가. 과 징 금 : 7,504,000,000원 나. 과 태 료 : 5,400,000원 다. 납부기한 : 고지서에 명시된 납부기한 이내 라. 납부장소 : 한국은행 국고수납 대리점 2. 피심인에 대하여 다음과 같이 시정조치를 명한다. 가. 피심인은 회사 내 처리되..."
15,5047,2023-07-12,법규 위반·제재,개인정보보호 법규 위반행위에 대한 시정조치에 관한 건,과징금;과태료;시정명령;공표명령,68.0억원,제21조;제25조;제29조;제2조;제39조의15;제39조의4;제48조의11;제48조의2;제4조;제5조;제63조;제64조;제66조;제6조;제75조;제7조;제8조,유출·침해;동의·고지 위반;안전조치 미흡;보유기간·파기 위반;민감정보·고유식별정보;접근권한·내부통제;처리위탁;정보주체 권리보장,"1. 피심인 ㈜엘지유플러스에 대하여 다음과 같이 시정조치를 명한다. 가. 운영 중인 개인정보처리시스템 전반에 대해 「개인정보 보호법」 제29조(안전조치 의무), 같은 법 시행령 제48조의2(개인정보의 안전성 확보조치)를 준수하고 취약 부분을 개선할 것 나. 전사적 차원에서 개인정보 내부관리계획(거버넌스)을 재정립(권한ㆍ책..."
15,2223,2021-08-25,법규 위반·제재,개인정보보호 법규 위반행위에 대한 시정조치 등에 관한 건,과태료;시정명령;공표명령;개선권고,44.8억원,제12조;제14조;제15조;제17조;제22조;제23조;제24조;제24조의2;제25조;제26조;제26조의2;제27조;제28조;제2조;제30조;제39조의12;제39조의3;제4조;제5조;제61조;제63조;제64조;제64조의2;제64조의3;제66조;제69조의2;제6조;제74조;제75조;제76조;제7조;제8조,유출·침해;동의·고지 위반;제3자 제공;국외이전;안전조치 미흡;보유기간·파기 위반;아동 개인정보;민감정보·고유식별정보;접근권한·내부통제;처리위탁;정보주체 권리보장,"1. 피심인에 대하여 다음과 같이 시정조치를 명한다. 가. 피심인 Facebook Incorporation, Facebook Ireland Limited는 이용자의 동의를 받지 않고 수집된 '얼굴인식 템플릿’을 파기하거나 이용자에게 동의를 받아야 한다. 나. 피심인 Facebook Ireland Limited는 정보통신서..."
15,10071,2025-02-12,법규 위반·제재,개인정보보호 법규 위반행위에 대한 시정조치에 관한 건,과징금;과태료,14.8억원,제10조;제11조;제29조;제30조;제34조;제39조;제40조;제60조의2;제63조;제64조의2;제66조;제6조;제75조;제76조;제7조;제8조;제9조,유출·침해;동의·고지 위반;안전조치 미흡;정보주체 권리보장,"1. 피심인에 대하여 다음과 같이 과징금, 과태료를 부과한다. 가. 과 징 금 : 1,477,000,000원 나. 과 태 료 : 7,200,000원 다. 납부기한 : 고지서에 명시된 납부기한 이내 라. 납부장소 : 한국은행 국고수납 대리점 2. 피심인은 처분등에 대한 통지를 받은 날부터 1개월 이내 당해 처분등을 받은 사..."
15,9605,2025-01-22,법규 위반·제재,개인정보보호 법규 위반행위에 대한 시정조치에 관한 건,과징금;과태료;공표명령,14.3억원,제10조;제11조;제29조;제2조;제30조;제32조의2;제60조의2;제63조;제64조의2;제66조;제6조;제75조;제76조;제7조;제8조;제9조,유출·침해;동의·고지 위반;안전조치 미흡;민감정보·고유식별정보;정보주체 권리보장,"1. 피심인에 대하여 다음과 같이 과징금, 과태료를 부과한다. 가. 과 징 금 : 1,432,000,000원 나. 과 태 료 : 3,000,000원 다. 납부기한 : 고지서에 명시된 납부기한 이내 라. 납부장소 : 한국은행 국고수납 대리점 2. 피심인의 법 위반 내용 및 처분 결과를 피심인 홈페이지에 공표명령한다. 가. ..."
15,10101,2025-07-09,법규 위반·제재,개인정보보호 법규 위반행위에 대한 시정조치에 관한 건,과징금,13.9억원,제10조;제11조;제29조;제30조;제60조의2;제64조의2;제66조;제6조;제75조;제76조;제7조;제8조;제9조,유출·침해;동의·고지 위반;안전조치 미흡;민감정보·고유식별정보;정보주체 권리보장,"1. 피심인에 대하여 다음과 같이 과징금을 부과한다. 가. 과 징 금 : 1,391,000,000원 나. 납부기한 : 고지서에 명시된 납부기한 이내 다. 납부장소 : 한국은행 국고수납 대리점 2. 피심인은 처분등에 대한 통지를 받은 날부터 1개월 이내 당해 처분등을 받은 사실 등을 피심인의 홈페이지(모바일 어플리케이션 포..."
15,5103,2023-06-28,법규 위반·제재,개인정보보호 법규 위반행위에 대한 시정조치에 관한 건,과징금;과태료;공표명령,11.3억원,제28조;제29조;제2조;제39조의15;제39조의4;제48조의11;제48조의2;제48조의4;제4조;제5조;제63조;제66조;제6조;제75조;제7조;제8조,유출·침해;동의·고지 위반;안전조치 미흡;정보주체 권리보장,"1. 피심인에 대하여 다음과 같이 과태료를 부과한다. 가. 과 징 금 : 1,131,786,000원 나. 과 태 료 : 10,200,000원 다. 납부기한 : 고지서에 명시된 납부기한 이내 라. 납부장소 : 한국은행 국고수납 대리점 2. 피심인 에 대한 과태료 부과의 내용 및 결과를 개인정보보호위원회 홈페이지에 공표한다."
15,5911,2023-10-25,법규 위반·제재,개인정보보호 법규 위반행위에 대한 시정조치 등에 관한 건,과징금;과태료;공표명령,9.1억원,제29조;제2조;제39조의15;제39조의4;제48조의11;제48조의2;제49조의11;제4조;제5조;제63조;제66조;제75조;제7조;제8조,유출·침해;동의·고지 위반;안전조치 미흡;정보주체 권리보장,"1. 피심인에 대하여 다음과 같이 과징금 및 과태료를 부과한다. 가. 과 징 금 : 906,000,000원 나. 과 태 료 : 16,200,000원 다. 납부기한 : 고지서에 명시된 납부기한 이내 라. 납부장소 : 한국은행 국고수납 대리점 2. 피심인에 대한 과태료 부과의 내용 및 결과를 개인정보보호위원회 홈페이지에 공표..."
16,2079,2023-01-30,침해요인 평가,「지역신문발전지원특별법 시행령」일부개정안에 대한 개인정보 침해요인 평가 결과,개선권고,,제10조의2;제16조;제18조;제19조,,1.「지역신문발전지원 특별법 시행령」제정안(문화체육관광부 공고 제2023-19호) 제18조에서 조문제목을 “민간정보 및 고유식별정보의 처리”로 수정할 것을 권고한다. 2. 안 제18조에서 본문“「개인정보 보호법 시행령」제19조제1호 또는 제4호에 따른 주민등록번호 또는 외국인등록번호가 포함된 자료”를“「개인정보 보호법 시...
16,1211,2020-11-11,침해요인 평가,「태권도 진흥 및 태권도공원 조성 등에 관한 법률 시행규칙」 일부개정안에 대한 개인정보 침해요인 평가 결과,개선권고,,,,1.「태권도 진흥 및 태권도공원 조성 등에 관한 법률 시행규칙」 일부개정안(문화체육관광부공고 제2020-274호) 별지 제6호서식에서 수집ㆍ이용과 별도항목으로 구분하여 제3자 제공에 대한 동의서를 마련할 것을 권고한다. 2.「태권도 진흥 및 태권도공원 조성 등에 관한 법률 시행규칙」 일부개정안(문화체육관광부공고 제2020...
16,4975,2023-10-11,침해요인 평가,「평화경제특별구역의 지정 및 운영에 관한 법률 시행령」제정안에 대한 개인정보 침해요인 평가 결과,개선권고,,제17조;제21조,,1. 「평화경제특별구역의 지정 및 운영에 관한 법률 시행령」제정안(통일부공고 제2023-133호) 제17조 제1항 제7호에서 “성명과 주소”를 “사업자명과 사업장 소재지(개인인 경우 성명과 주소)”로 수정할 것을 권고한다. 2. 「평화경제특별구역의 지정 및 운영에 관한 법률 시행령」제정안(통일부공고 제2023-133호) ...
16,9789,2025-05-14,침해요인 평가,「천안함 피격사건 피해구제 및 지원 등을 위한 특별법 시행령」제정안에 대한 개인정보 침해요인 평가에 관한 건,개선권고,,제8조,,"「천안함 피격사건 피해구제 및 지원 등을 위한 특별법 시행령」제정안(국방부공고 제2025-145호)에서 다음 사항을 반영할 것을 권고한다. 1. 안 제8조 제1항에서 '외국인등록번호’를 삭제하고, 같은 조 제2항에서 '운전면허번호’를 삭제할 것 2. 안 별지 제1호서식에서 '(성별)’을 삭제할 것 3. 안 별지 제3호서식..."
16,1961,2022-12-28,침해요인 평가,「관광진흥법 시행규칙」일부개정안에 대한 개인정보 침해요인 평가 결과,개선권고,,제31조;제37조;제7조,,"1.「관광진흥법 시행규칙」일부개정안(문화체육관광부 공고 제2022-367호) 제37조, 별지 제11호 서식 및 현행 제37조에서 법 제31조(조건부 영업허가)에 따른 유원시설업 조건부 영업허가 신청사무에 대해 시행령에 처리근거를 마련할 것을 권고한다. 2. 조건부 영업허가 신청사무에 대한 시행령에 처리근거 조항 마련을 전..."
16,1747,2022-09-28,침해요인 평가,「도서관법 시행령」 전부개정안에 대한 개인정보 침해요인 평가 결과,개선권고,,제21조;제22조;제24조;제43조,,"1. 「도서관법 시행령」전부개정안(문화체육관광부공고 제2022-275호) 제22조 제1항의 “법 제21조, 법 제22조 또는 제24조 제3항에 따른 도서관자료의 납본ㆍ제출 또는 온라인 자료의 수집 등”을 “법 제21조 제3항 또는 제 22조 제5항에 따른 도서관자료의 보상”으로 변경할 것을 권고한다. 2. 「도서관법 시행..."
16,795,2020-11-25,침해요인 평가,「금융소비자 보호에 관한 법률 시행령」제정안에 대한 개인정보 침해요인 평가 결과,개선권고,,제52조,,"1.「금융소비자 보호에 관한 법률 시행령」제정안(금융위원회공고 제2020-394호) 제52조 제1항에서 제2호, 제3호, 제4호, 제14호를 삭제할 것을 권고한다. 2.「금융소비자 보호에 관한 법률 시행령」제정안(금융위원회공고 제2020-394호) 제52조 제2항에서 제2호를 삭제할 것을 권고한다. 2.「금융소비자 보호에..."
16,1217,2020-11-11,침해요인 평가,「태권도 진흥 및 태권도공원 조성 등에 관한 법률 시행령」 일부개정안에 대한 개인정보 침해요인 평가 결과,개선권고,,제7조의3;제7조의6,,1. 「태권도 진흥 및 태권도공원 조성 등에 관한 법률 시행령」 일부개정안(문화체육관광부공고 제2020-273호) 제7조의3제1항을 삭제할 것을 권고한다. 2. 「태권도 진흥 및 태권도공원 조성 등에 관한 법률 시행령」 일부개정안(문화체육관광부공고 제2020-273호) 제7조의6에서 개인정보 공개 범위를 명확히 알 수 있...
16,5741,2024-02-14,침해요인 평가,「도심융합특구 조성 및 육성에 관한 특별법 시행령」제정안에 대한 개인정보 침해요인 평가에 관한 건,개선권고,,제14조;제15조;제18조;제21조;제6조,,"「도심융합특구 조성 및 육성에 관한 특별법 시행령」제정안(국토교통부공고 제2023-1629호) 안 제6조제3호, 안 제14조제1항 제1호, 안 제15조제1항제1호, 안 제15조제4항제2호, 안 제18조제4항제2호, 안 제21조제3항제1호에서 국가 또는 지방자치단체, 공공기관이나 법인이 사업시행자임을 명확하게 할 것을 권고..."
16,7725,2024-02-14,침해요인 평가,「도심융합특구 조성 및 육성에 관한 특별법 시행령」제정안에 대한 개인정보 침해요인 평가에 관한 건,개선권고,,제14조;제15조;제18조;제21조;제6조,,"「도심융합특구 조성 및 육성에 관한 특별법 시행령」제정안(국토교통부공고 제2023-1629호) 안 제6조제3호, 안 제14조제1항 제1호, 안 제15조제1항제1호, 안 제15조제4항제2호, 안 제18조제4항제2호, 안 제21조제3항제1호에서 국가 또는 지방자치단체, 공공기관이나 법인이 사업시행자임을 명확하게 할 것을 권고..."
16,1279,2020-08-26,침해요인 평가,「재외국민보호를 위한 영사조력법 시행규칙」제정안에 대한 개인정보 침해요인 평가 결과,개선권고,,,,"1.「재외국민보호를 위한 영사조력법 시행규칙」제정안(외교부공고 제2020-73호) 별지 제1호 서식에서 신청인 성별을 삭제할 것을 권고한다. 2.「재외국민보호를 위한 영사조력법 시행규칙」제정안(외교부공고 제2020-73호) 별지 제1호 서식에서 가족사항 및 그 외 연고자란의 성별, 주소, 건강상태, 취업상태를 삭제할 것을..."
16,4873,2023-08-03,침해요인 평가,「재난관리자원의 관리 등에 관한 법률 시행령」제정안에 대한 개인정보 침해요인 평가 결과,개선권고,,제62조,,1. 「재난관리자원의 관리 등에 관한 법률 시행령」제정안(행정안전부 재난안전관리과-1900) 제62조 제1항에서 제1호 및 제3호는 삭제할 것을 권고한다. 2. 「재난관리자원의 관리 등에 관한 법률 시행령」제정안(행정안전부 재난안전관리과-1900) 제62조 제1항ㆍ제2항ㆍ제3항ㆍ제4항에서 여권번호는 삭제할 것을 권고한다.
16,2089,2023-01-18,침해요인 평가,「영화 및 비디오물의 진흥에 관한 법률 시행규칙」일부개정안에 대한 개인정보 침해요인 평가 결과,개선권고,,제24조;제5조의2,,「영화 및 비디오물의 진흥에 관한 법률 시행규칙」일부개정안(문화체육관광부 공고 제2022-390호) 제5조의2 제4항 및 제24조 제3항에서 시장ㆍ군수ㆍ구청장이 세무서장으로부터“사업자의 폐업신고 또는 사업자등록 말소 여부에 대한 정보”를 제공 받기 위하여 법률에 처리근거를 마련할 것을 권고한다.
16,2085,2023-01-18,침해요인 평가,「음악산업진흥에 관한 법률 시행규칙」일부개정안에 대한 개인정보 침해요인 평가 결과,개선권고,,,,"「음악산업진흥에 관한 법률 시행규칙」일부개정안(문화체육관광부 대중문화산업과-7570) 별지 제10호 서식 및 현행 별지 10호서식에서 영업자 변경 시 제출서류인“양도인의 주민등록증 등 사본”,“제적등본”,“가족관계등록부”의 “주민등록번호” 처리를 위해 대통령령 이상에 근거를 마련할 것을 권고한다."
16,5987,2024-03-27,침해요인 평가,「119긴급신고의 관리 및 운영에 관한 법률 시행령」제정안에 대한 개인정보 침해요인 평가에 관한 건,개선권고,,제10조;제11조;제7조,,"「119긴급신고의 관리 및 운영에 관한 법률 시행령」제정안(소방청공고제2024-28호) 제7조 제2항부터 제4항까지의 규정을 삭제하고, 제10조에 영상정보 공동이용 대상 기관에 대하여 규정하며, 제11조에 따른 연계대상 정보의 내용과 범위를 구체화할 것을 권고한다."
17,1817,2022-10-26,침해요인 평가,「자살예방 및 생명존중문화 조성을 위한 법률 시행령」 일부개정안에 대한 개인정보 침해요인 평가 결과,개선권고,,제12조의4;제13조;제14조;제17조,,1. 「자살예방 및 생명존중문화 조성을 위한 법률 시행령」 일부개정안(보건복지부공고 제2022-670호) 제14조 제2항 제1호 및 제4호는 삭제할 것을 권고한다. 2. 「자살예방 및 생명존중문화 조성을 위한 법률 시행령」 일부개정안(보건복지부공고 제2022-670호) 제14조 제2항 제2호의 “법 제12조의4 제2항 각...
17,2093,2023-01-18,침해요인 평가,「의료법 시행령」일부개정안에 대한 개인정보 침해요인 평가 결과,개선권고,,제10조의12;제18조;제21조;제40조의3;제42조;제42조의2,,1.「의료법 시행령」일부개정안(보건복지부 공고 제2022-850호)안 제42조의2 본문에서“제42조제1항 및 제3항부터 제5항”을“제42조제1항 및 제3항부터 제4항”으로 변경할 것을 권고한다. 2. 안 제42조의2 제3의3호에서 법 제21조에 따른 환자에 관한 기록의 내용 확인에 관한 사무(시행령 제10조의12에 따른 ...
17,5187,2023-07-26,침해요인 평가,「장애인 건강권 및 의료접근성 보장에 관한 법률 시행규칙」일부개정안에 대한 개인정보 침해요인 평가 결과,개선권고,,,,1. 「장애인 건강권 및 의료접근성 보장에 관한 법률 시행규칙」일부개정안(보건복지부 공고 제2023-471호) 별지 제4호서식 및 별지 제5호의2서식에서 개설자(대표자) 개인의 주소를 의료기관의 소재지로 변경할 것을 권고한다. 2.「장애인 건강권 및 의료접근성 보장에 관한 법률 시행규칙」일부개정안(보건복지부 공고 제202...
17,4847,2023-11-08,침해요인 평가,「기초연금법 시행령」일부개정안에 대한 개인정보 침해요인 평가에 관한 건,개선권고,,제11조;제122조의2;제15조,,「기초연금법 시행령」일부개정안(보건복지부공고 제2023-645호)제15조 제3항에서 “국민연금법 제122조의2에 따른 연간조사계획과 그 결과”를 “법 제11조에 따라 국민연금법 제122조의2에 따른 연간조사 계획과 그 결과”로 변경할 것을 권고한다.
17,607,2022-05-11,침해요인 평가,「노후준비 지원법 시행규칙」 일부개정안에 대한 개인정보 침해요인 평가 결과,개선권고,,,,1. 「노후준비 지원법 시행규칙」 일부개정안(보건복지부공고 제2022-277호) 별지 제1호서식 및 별지 제2호서식에서 지원센터장의 생년월일을 삭제할 것을 권고한다. 2. 「노후준비 지원법 시행규칙」 일부개정안(보건복지부공고 제2022-277호) 별지 제5호서식 및 별지 제6호서식에서 신고인의 생년월일을 삭제할 것을 권고...
17,2349,2023-04-12,침해요인 평가,「재난적의료비 지원에 관한 법률 시행령」일부개정안에 대한 개인정보 침해요인 평가 결과,개선권고,,제12조;제19조의2,,"1. 「재난적의료비 지원에 관한 법률 시행령」일부개정안(보건복지부 필수의료총괄과-668) 제19조의2 제1항 본문에“고유식별 정보 중 운전면허의 면허번호는 제외하며, 건강에 관한 정보는 제1호, 제4호 및 제5호는 제외한다”를 추가할 것을 권고한다. 2. 「재난적의료비 지원에 관한 법률 시행령」일부개정안(보건복지부 필수의..."
17,2383,2023-04-26,침해요인 평가,「의료법 시행규칙」일부개정안에 대한 개인정보 침해요인 평가 결과,개선권고,,제34조의6;제34조의9,,1. 「의료법 시행규칙」일부개정안(보건복지부 공고 제2023-185호) 안 제34조의6에서 규정하고 있는 서식을 마련할 것을 권고한다. 2. 「의료법 시행규칙」일부개정안(보건복지부공고 제2023-185호) 안 별지 제33호의2서식 및 제33호의3서식에서 “정보주체”를 “정보주체(환자 및 해당 수술에 참여한 의료인 등)”으...
17,6087,2024-04-24,침해요인 평가,「위기 임신 및 보호출산 지원과 아동 보호에 관한 특별법 시행규칙」제정안에 대한 개인정보 침해요인 평가에 관한 건,개선권고,,제17조,,"「위기 임신 및 보호출산 지원과 아동 보호에 관한 특별법 시행규칙」제정안(보건복지부공고 제2024-167호) 별지 제4호서식에서 철회신청인 또는 대리인의 등록기준지를 삭제하고, 안 별지 제6호서식 및 별지 제7호서식에서 아동권리보장원장이 '법 제17조에 따른 출생증서 공개 청구에 관한 사무’를 수행할 수 있도록 대통령령 ..."
17,8061,2024-04-24,침해요인 평가,「위기 임신 및 보호출산 지원과 아동 보호에 관한 특별법 시행규칙」제정안에 대한 개인정보 침해요인 평가에 관한 건,개선권고,,제17조,,"「위기 임신 및 보호출산 지원과 아동 보호에 관한 특별법 시행규칙」제정안(보건복지부공고 제2024-167호) 별지 제4호서식에서 철회신청인 또는 대리인의 등록기준지를 삭제하고, 안 별지 제6호서식 및 별지 제7호서식에서 아동권리보장원장이 '법 제17조에 따른 출생증서 공개 청구에 관한 사무’를 수행할 수 있도록 대통령령 ..."
17,49,2022-03-23,침해요인 평가,「의료법 시행령」 일부개정안에 대한 개인정보 침해요인 평가 결과,개선권고,,제10조의3;제10조의5;제11조;제31조의6;제42조;제42조의2,,"「의료법 시행령」 일부개정안(보건복지부공고 제2022-123호) 제42조의2 본문에서“보건복지부장관(제10조의3제4항, 제10조의5제1항, 제11조제2항, 제31조의6제1항 및 제42조제1항부터제7항까지의 규정에 따라 보건복지부장관의 업무를 위탁받은 자를 포함한다)”를 “보건복지부장관(제10조의3제4항, 제10조의5제1항..."
17,1739,2022-09-28,침해요인 평가,「보건의료인력지원법 시행령」 일부개정안에 대한 개인정보 침해요인 평가 결과,개선권고,,제11조;제16조;제23조,,"「보건의료인력지원법 시행령」 일부개정안(보건복지부공고 제2022-568호) 제11조에서 “제1호부터 제6호, 제8호, 제9호”를 삭제하고, 조문 제목을 “고유식별정보의 처리”로 변경하며, 각 호 외의 부분에서 “제23조에 따른 건강에 관한 정보, 같은 법” 부분을 삭제하여 “고유식별정보의 처리” 사무를 “법 제16조 제1..."
17,5161,2023-07-26,침해요인 평가,「사회보장급여의 이용ㆍ제공 및 수급권자 발굴에 관한 법률 시행령」일부개정안에 대한 개인정보 침해요인 평가 결과,개선권고,,제8조,,"「사회보장급여의 이용ㆍ제공 및 수급권자 발굴에 관한 법률 시행령」일부개정안(보건복지부 공고 제2023-526호) 제8조 제2항 [별표2] 제3호 마목 2)에서 예방접종 통합관리시스템에 임시 신생아번호, 임시관리번호로 남아있는 위기아동을 특정하기 위한 기간을 구체적으로 규정할 것을 권고한다."
17,5269,2023-07-12,침해요인 평가,「공중위생관리법 시행규칙」일부개정안에 대한 개인정보 침해요인 평가 결과,개선권고,,제3조의3,,"「공중위생관리법 시행규칙」일부개정안(보건복지부 공고 제2023-488호) 제3조의3 제2항ㆍ제3항 및 별지 제5호의2서식의 신고인 제출서류에서 “가족관계등록전산정보”를 “가족관계증명서”로 변경하고, 담당공무원 확인사항 및 행정정보공동이용동의서란의 “가족관계등록전산정보”를 “가족관계등록전산정보(가족관계증명서에 해당하는 정보..."
17,7155,2024-09-11,침해요인 평가,「사회서비스 이용 및 이용권 관리에 관한 법률 시행령」일부 개정안에 대한 개인정보 침해요인 평가에 관한 건,개선권고,,제17조의3;제2조의3;제8조의3,,「사회서비스 이용 및 이용권 관리에 관한 법률 시행령」일부개정안(보건복지부공고 제2024-640호) 제2조의3에서 법 제17조의3에 따른 제공인력의 결격사유 확인에 관한 사무를 위한 주민등록번호 처리 근거를 안 제8조의3(민감정보 및 고유식별정보의 처리)에 마련할 것을 권고한다.
17,9133,2024-09-11,침해요인 평가,「사회서비스 이용 및 이용권 관리에 관한 법률 시행령」일부 개정안에 대한 개인정보 침해요인 평가에 관한 건,개선권고,,제17조의3;제2조의3;제8조의3,,「사회서비스 이용 및 이용권 관리에 관한 법률 시행령」일부개정안(보건복지부공고 제2024-640호) 제2조의3에서 법 제17조의3에 따른 제공인력의 결격사유 확인에 관한 사무를 위한 주민등록번호 처리 근거를 안 제8조의3(민감정보 및 고유식별정보의 처리)에 마련할 것을 권고한다.
