decision_id,decision_date,document_category,title,applicant,order_text,sanction_strength,sanction_types,monetary_amount,violated_articles,case_type,factors
957,2012-11-12,complaint_or_interpretation,관악구 CCTV 영상정보 제공 관련 법령해석 요청 건,,"개인정보보호법 제18조 제1항의 규정에 따라 개인정보처리자는 개인정보를 목적 외 용도로 이용하거나 제3자에게 제공하여서는 아니 됨. 따라서, 지자체가 설치한 CCTV의 영상정보를 군사작전 및 재난대응 용도로 군부대에서 상시 사용할 수는 없으며 보안대책이 마련되었다고 하더라도 수도방위사령부 벙커에서 관악구청의 CCTV 영상정보를 상시 관제하는 것은 개인정보보호법 위반에 해당함
다만, 개인정보보호법 제58조 제1항 제2호에서 “국가안전보장과 관련된 정보 분석을 목적으로 수집 또는 제공 요청되는 개인정보”에 대해서는 이 법의 일부 내용을 적용하지 아니하도록 예외를 인정하고 있으므로 수방사가 이에 해당되는 사유로 관악구청의 CCTV 영상정보를 요청하는 경우에는 제공이 가능함
이 경우, 개인정보자기결정권 보호를 위해 '국가안전보장과 관련된 정보 분석의 목적’은 '구체적’이고 '명확한’ 경우로 엄격하게 해석되어야 할 것임
따라서 단순히 훈련을 위한 목적으로 CCTV 영상정보를 제공하여서는 안 되며, 구청 내에 설치된 통합방위지원본부에서 군부대 요원 등이 CCTV 영상을 관제하는 것도 개인정보의 목적 외 이용 및 제3자 제공에 해당되므로 상기한 바와 같이 “국가안전보장과 관련된 정보 분석을 목적”으로 하는 예외적 사유에 해당되지 않는 한 허용되지 않음
3. 주문 이유
○ 통합관제센터의 CCTV영상정보를 수도방위사령부에 제공하는 것이 개인정보보호법 제58조 제1항 제2호에 의거 가능한지 여부 등에 대한 법령 해석
- 군사작전 및 재난 대응 용도로 구청에서 설치ㆍ운영 중인 다목적 CCTV를 영상정보를 군부대에서 사용하는 것이 적절한지 여부
- 통합관제센터에서 별도 보안대책이 수립된 수방사 벙커에 영상정보를 항시 송출 및 필요시 관제하게 하는 것이 개인정보보호법 위반 여부
- 위 사항에 대해 “항시 송출”이 부적절하다면, 송출 통제를 위한 송출 요청시 법상 가능한 시점 및 요청방법(유선전화, 이메일, 팩스 등)
- 유사시 대비하여 구청에서 운영 중인 통합방위지원본부 및 재난대책본부(별도 보안대책 수립된 동일공간)내에 통합관제센터에서 영상정보를 송출 및 필요시 관제하게 하여 재난에 효과적으로 대처하고자 할 때 사용가능 여부
- 재난 및 군 훈련시 상기 영상정보를 활용하여 훈련시 사용가능 여부
위와 같이 의결함.",0,,,제18조;제58조,목적 외 이용;제3자 제공;영상정보 처리,수집·이용 목적 명확성;제3자 제공 또는 위탁 구조
1113,2012-12-24,complaint_or_interpretation,교통영상정보 외부기관 연계ㆍ송출의 개인정보보호법 저촉 여부 질의 건,,"서울지방경찰청장이 질의한 '인터넷과 스마트폰으로 제공되는 교통영상정보에 대하여 외부기관으로의 연계ㆍ송출이 개인정보보호법에 저촉되는지 여부’에 대하여 다음과 같이 의결한다.
1. 서울지방경찰청이 교통영상정보를 외부기관에 연계ㆍ송출하면서 개인정보가 포함될 정도로 CCTV를 제어한 경우에는 개인정보보호법 제18조 제1항에 저촉된다. 다만, 동법 제17조 제1항, 제18조 제2항, 제58조에 해당되는 경우에는 예외적으로 외부기관에 연계ㆍ송출할 수 있다.
2. 서울지방경찰청에서는 교통영상정보에 개인정보가 포함되지 않도록 하기 위하여 CCTV 제어를 최소화하고 외부기관에 대한 제공을 제한할 수 있는 지침 마련 등의 관리적 조치 및 개인정보가 포함된 교통영상정보가 외부기관에 연계ㆍ송출되는 것을 자동으로 차단할 수 있는 기술적 조치 등을 마련할 것을 권고한다.",1,개선권고,,제13조;제14조;제17조;제18조;제58조,유출·침해;영상정보 처리,피해 발생 또는 위험 발생;수집·이용 목적 명확성
421,2013-05-27,complaint_or_interpretation,CCTV를 이용한 동의 없는 개인정보 수집처리에 관한 법령해석,,"버스회사가 교통사고 증거수집 및 범죄예방의 목적으로 버스안에 설치한 CCTV는 해당 목적에 맞게 사용하여야 한다. 다만, 법령에서 구체적으로 허용하고 있는 경우는 예외로 한다.
수집된 녹화물을 CCTV설치 목적과 직접 관계없는 운전기사의 징계 또는 근무평정의 증거자료로 사용하는 것은 허용되지 않는다. 다만, 「개인정보보호법」 제18조 제2항의 예외 사유에 해당하는 경우에는 그 범위 내에서 허용될 수 있다.",0,,,제18조;제24조;제25조,동의·고지 위반;목적 외 이용;영상정보 처리,수집·이용 목적 명확성;동의 적법성
371,2013-10-28,complaint_or_interpretation,개인정보보호 관련 법령해석 요청 건,,"특별법 우선의 원칙은 개인정보 보호에 관한 일반법인 「개인정보 보호법」과 다른 법률 간의 관계에서도 적용된다고 할 것이고, 다른 법률의 개인정보 제공과 관련된 규정과 「개인정보 보호법」의 규정이 특별법과 일반법 관계에 있는지 여부는 해당 규정의 입법 취지와 내용 등을 종합적으로 검토한 뒤 구체적ㆍ개별적으로 판단하여야 할 것이다.
다른 법률에서 개인정보를 목적 외로 이용하거나 제3자에게 제공할 수 있도록 규정한 경우 해당 규정은 「개인정보 보호법」 제18조 제2항 제2호의 적용 대상이 된다 할 것이나, 만약 해당 규정의 내용 중 「개인정보 보호법」 제18조 제2항 제2호 외의 다른 항 또는 다른 호의 내용과 충돌되는 경우, 그 규정은 「개인정보 보호법」 제6조의 다른 법률의 특별한 규정에 해당된다 할 것이다.",0,,,제18조;제6조,목적 외 이용;제3자 제공,수집·이용 목적 명확성;제3자 제공 또는 위탁 구조
377,2014-01-13,complaint_or_interpretation,폐업 국제결혼중개업소 이용자 신상정보 보존 관련 질의 건,,"국제결혼중개업자는 폐업을 신고하거나 등록이 취소된 경우 결혼중개계약서, 국제결혼 개인신상정보 확인서 및 관련 증빙서류, 그 밖의 혼인 관련 서류를 지체 없이 파기하여야 한다. 다만, 국제결혼중개업자가 「결혼중개업의 관리에 관한 법률」 제18조에 따른 영업정지 등의 사유에 해당하면서 폐업을 신고한 경우에는 같은 법 제10조의4 제1항에 따라 위 혼인 관련 서류를 보존하여야 한다.",0,,,제10조;제10조의2;제10조의4;제18조;제21조;제5조;제9조,보유기간·파기 위반,정보주체 규모;수집·이용 목적 명확성
1005,2014-05-12,complaint_or_interpretation,「개인정보 보호법」 제6조 및 제18조 관련 해석의 건 (개인정보보호위원회 심의ㆍ의결 통보사항에 대한 안전행정부의 추가질의 관련 법령해석의 건),,"1. 「정보통신망 이용촉진 및 정보보호 등에 관한 법률」 제24조의2는 「개인정보 보호법」 제18조 제2항, 제4항 및 제5항의 적용을 각 배제하지 않는다.
2. 「신용정보의 이용 및 보호에 관한 법률」 제32조, 「국세기본법」 제81조의13, 「의료법」 제21조, 「가족관계의 등록 등에 관한 법률」 제14조 및 「주민등록법」 제29조는 각 「개인정보 보호법」 제18조 제2항, 제4항 및 제5항의 적용을 각 배제한다.
3. 금융위원회에는 「신용정보의 이용 및 보호에 관한 법률」에, 기획재정부장관에게는 「국세기본법」에, 보건복지부장관에게는 「의료법」에, 법무부장관에게는 「가족관계의 등록 등에 관한 법률」에, 안전행정부장관에게는 「주민등록법」에, 각 「개인정보 보호법」 제18조 제4항 및 제5항에 상응하는 절차에 관한 규정을 보완할 것을 각 권고한다.",1,개선권고,,제10조;제11조;제13조;제14조;제15조;제18조;제1조;제21조;제22조;제23조;제24조의2;제29조;제2조;제32조;제47조;제6조;제81조의13;제82조,동의·고지 위반;목적 외 이용;민감정보·고유식별정보;정보주체 권리보장,고유식별정보 포함 여부;피해 발생 또는 위험 발생;사후 시정 노력;수집·이용 목적 명확성;동의 적법성;제3자 제공 또는 위탁 구조
1001,2014-06-09,complaint_or_interpretation,"건강보험증 송달 관련 민원처리의 건1. 주 문민원인 정OO(울산광역시 북구 거주)이 국민건강보험공단의 건강보험증 송달과 관련하여 제기한 민원에 대하여 다음과 같이 민원인에게 통지한다.“건강보험증은 우편봉투에 봉함되어 송달되고, 「우편법」에 따라 무단개봉, 훼손 등의 경우 처벌되는 등 제도적인 안전성이 마련되어 있으며, 「국세기본법」, 「고용보험 및 산업재해보상보험의 보험료징수에 등에 관한 법률」 등에서도 납세고지서, 보험료 관련 서류 등을 일반우편으로 송달할 수 있도록 허용하고 있을 뿐만 아니라, 투표안내문 등 다른 분야에서도 다수의 개인정보가 포함된 서류가 일반우편으로 송달되고 있는 사실을 감안할 때, 일반우편을 통한 건강보험증 송달이 「개인정보 보호법」을 위반한 것으로는 보기 어렵다고 할 것입니다.”2. 배 경민원인이 2014년 4월 29일 국민신문고를 통해 '국민건강보험공단이 건강보험증을 개인에게 송달함에 있어 등기우편이 아닌 일반우편으로 송달하고 있어 개선이 필요하며, 동 송달행위가 개인정보보호 관련 법령 위반이 아닌지 여부와 국민건강보험공단이 현재의 송달방법을 시정하지 않겠다고 밝혔는데 이에 대한 개인정보보호위원회의 공식적인 입장이 무엇인지’ 문의하는 내용의 민원을 제기하였다.",,,0,,,제12조;제29조;제3조;제48조,유출·침해;동의·고지 위반;정보주체 권리보장,고의 또는 중과실;피해 발생 또는 위험 발생;사후 시정 노력
1143,2014-09-15,complaint_or_interpretation,의무교육대상자 취학독려를 위한 개인정보 이용ㆍ제공 가능여부 질의의 건,경기도 성남교육지원청 교육장,"1. ○○학원은 학원생 관리 목적으로 수집한 의무교육대상자 개인정보를 「개인정보 보호법」 제17조 제1항 제2호를 근거로 하여 경기도 성남교육지원청에 취학 독려 목적으로 제공할 수 없다.
2. 공공기관이 아닌 ○○학원은 「개인정보 보호법」 제18조 제2항 제5호의 적용대상이 아니다.",0,,,제12조;제13조;제15조;제17조;제18조;제25조;제27조,동의·고지 위반,정보주체 규모;수집·이용 목적 명확성;동의 적법성;제3자 제공 또는 위탁 구조
177,2015-02-23,complaint_or_interpretation,서울특별시의 소송비용 회수를 위한 개인정보 이용 관련 질의 건,서울특별시장,서울특별시가 보유 중인 부동산 소유현황정보나 자동차 소유현황정보를 미납 소송비용 회수를 위하여 목적 외 이용하거나 이를 위하여 주민등록번호를 처리하는 것은 「개인정보 보호법」 제18조 및 제24조의2에 위반된다.,0,,,제107조;제12조;제147조;제18조;제21조;제24조의2;제25조;제2조;제61조;제69조;제87조,목적 외 이용;민감정보·고유식별정보;정보주체 권리보장,고유식별정보 포함 여부;수집·이용 목적 명확성
205,2015-04-13,complaint_or_interpretation,포항시 통합관제센터 영상정보의 해병대 제1사단 제공 관련 질의 건,포항시장,"포항시는 경계태세 2급 이상 발령 시, 을지연습 시, 화랑훈련 시 해병대 제1사단의 연락관이 통합관제센터에서 영상정보를 열람하도록 할 수 있다.",0,,,제11조;제14조;제18조;제20조;제58조,영상정보 처리;정보주체 권리보장,수집·이용 목적 명확성;제3자 제공 또는 위탁 구조
171,2015-06-08,complaint_or_interpretation,경찰청의 웨어러블 카메라 사용의 개인정보보호법령상 가능여부 질의 건,경찰청장,"경찰청은 웨어러블 카메라를 사용하여 영상ㆍ음성정보를 수집하지 아니하면 공무집행방해죄의 수사가 불가능하거나 현저히 곤란한 경우에 필요한 최소한의 범위에서 이를 사용할 수 있고, 웨어러블 카메라를 대여하지 아니하면 범죄피해자 보호가 불가능 하거나 현저히 곤란한 경우에 범죄피해자에게 이를 대여할 수 있다.",0,,,제15조;제2조;제3조,영상정보 처리,피해 발생 또는 위험 발생;수집·이용 목적 명확성
189,2015-06-08,complaint_or_interpretation,안양시 교통ㆍ방범 영상정보의 경찰서ㆍ소방서ㆍ군부대 제공 관련 질의 건,안양시장,"1. 안양시가 지능형교통시스템 영상정보처리기기로 수집하는 영상정보는 확대 촬영하거나 촬영된 영상정보를 확대하여 개인이나 차량번호를 알아볼 수 있다면 개인정보에 해당한다.
2. 안양시는 지능형교통시스템 영상정보처리기기로 수집하는 영상정보에 개인정보가 포함 되는 경우 이를 경찰서ㆍ소방서ㆍ군부대에 상시 제공할 수 없다. 다만, 교통사고 발생 시에는 경찰서에, 재난재해ㆍ구급상황 발생 시 또는 긴급차량 출동 시에는 소방서에, 통합방위훈련 기간에는 군부대에 이를 각 제공할 수 있다.
3. 안양시는 범죄예방 목적의 영상정보처리기기로 수집하는 영상정보를, 통합방위훈련 기간에는 군 관계자가 열람하도록 할 수 있고, 재난재해ㆍ구급상황 발생 시 또는 긴급 차량 출동 시에는 소방서에 제공할 수 있다.
4. 안양시는 지능형교통시스템 영상정보처리기기와 범죄예방 목적의 영상정보처리기기를 경찰서ㆍ소방서ㆍ군부대가 각 조작하도록 할 수 없다.",0,,,제18조;제20조;제25조;제2조;제58조,유출·침해;동의·고지 위반;영상정보 처리;정보주체 권리보장,피해 발생 또는 위험 발생;수집·이용 목적 명확성;동의 적법성;제3자 제공 또는 위탁 구조
949,2014-07-28,data_provision_request,보건의료기관개설자의 개인정보 제공 요청 건,,한국의료분쟁조정중재원이 「의료사고 피해구제 및 의료분쟁 조정 등에 관한 법률」 제47조에 규정된 손해배상금 대불비용을 징수하기 위해 건강보험심사평가원으로부터 보건의료기관개설자의 생년월일ㆍ면허번호 등을 제공받는 것은 「개인정보 보호법」 제18조 제2항에 해당하지 아니한다.,0,,,제18조;제27조;제47조,목적 외 이용,피해 발생 또는 위험 발생;수집·이용 목적 명확성;제3자 제공 또는 위탁 구조
1139,2017-01-09,data_provision_request,외국인 중도입국자녀 공교육 진입 지원을 위한 개인정보 제공에 관한 건,법무부장관,"법무부는 외국인 중도입국 자녀에 대한 공교육 지원을 위하여 방문동거(F-1-52), 거주(F-2-2), 영주(F-5-3)의 체류자격에 해당하는 만 7세부터 만 17세까지의 외국인 중도입국 자녀의 성명, 생년월일, 성별, 체류자격, 체류기간 만료일, 국적, 체류지역, 주소, 연락처를 교육부에 제공할 수 있다.",0,,,제18조;제28조;제2조;제4조;제6조;제84조;제92조의2,목적 외 이용,피해 발생 또는 위험 발생;수집·이용 목적 명확성;동의 적법성;제3자 제공 또는 위탁 구조
1135,2017-01-23,data_provision_request,국제표준이름식별기호(ISNI) 관련 국립중앙도서관의 개인정보 제공에 관한 건,국립중앙도서관장,"1. 국립중앙도서관은 국제표준이름식별기호 컨소시엄 참여기관으로부터 창작자의 성명 (한글명, 한자명, 영문명), 생년월일, 소속기관, 해당 컨소시엄 참여기관 제어번호, 공개된 창작물의 제목, 발행처, 발행년도, 식별번호, 창작분야, 창작자 역할, 관련 인물, 관련 단체에 관한 정보를 제공받을 수 있다.
2. 국립중앙도서관은 국외의 OCLC(Online Computer Library Center)에 창작자의 성명 (한글명, 한자명, 영문명), 생년, 국립중앙도서관 제어번호, 공개된 창작물의 제목, 발행처, 발행년도, 식별번호, 창작분야, 창작자 역할, 관련 인물, 관련 단체에 관한 정보를 제공할 수 있다.",0,,,제17조,목적 외 이용,민감정보 포함 여부;고유식별정보 포함 여부;수집·이용 목적 명확성;동의 적법성;제3자 제공 또는 위탁 구조
1073,2017-07-24,data_provision_request,운전면허 수시 적성검사를 위한 치매질환자 개인정보 제공에 관한 건,국민건강보험공단,"국민건강보험공단은 운전면허 수시 적성검사를 위하여 경찰청에 「노인장기요양보험법」상 장기요양 5등급을 받은 사람의 성명, 주민등록번호, 장기요양등급 판정일, 장기요양인정 유효기간 기산일 및 만료일을 제공할 수 있다.",0,,,제18조;제19조;제23조;제58조;제7조;제87조의3;제89조,목적 외 이용,고유식별정보 포함 여부;피해 발생 또는 위험 발생;수집·이용 목적 명확성;동의 적법성;제3자 제공 또는 위탁 구조
963,2017-09-25,data_provision_request,외교부의 재외국민등록자 개인정보 제공에 관한 건,외교부장관,"외교부는 서울특별시, 국세청, 한국자산관리공사가 재외국민 등록자 중 체납자에 대한 지방세 징수 업무, 국세 징수 업무, 재산 공매 업무를 각 수행하기 위하여 외교부에 위 체납자의 국외 주소와 연락처를 요청할 경우 이를 각 기관에 제공할 수 있다.",0,,,제119조;제18조;제2조;제38조;제3조;제4조;제61조;제71조;제84조,목적 외 이용,고유식별정보 포함 여부;피해 발생 또는 위험 발생;수집·이용 목적 명확성;제3자 제공 또는 위탁 구조
1035,2017-11-13,data_provision_request,국가배상금을 지급받은 보훈급여금 수령자의 개인정보 제공에 관한 건,국가보훈처장,"국가보훈처는 법무부와 국방부에 국가배상금을 지급받은 보훈급여금 수령자의 성명, 생년월일, 보훈급여금 지급 사실, 국가배상 청구소송 사건번호를 제공할 수 없다.",0,,,제18조;제29조;제2조,목적 외 이용,고의 또는 중과실;피해 발생 또는 위험 발생;수집·이용 목적 명확성;제3자 제공 또는 위탁 구조
1071,2017-11-27,data_provision_request,행정안전부의 장애인 관련 통계작성을 위한 개인정보 제공에 관한 건,행정안전부장관,"1. 고용노동부, 통계청, 경찰청이 「통계법」 제18조 제1항에 따른 통계청장의 승인을 받지 아니한 장애인 관련 통계작성을 위하여 보건복지부로부터 장애인의 주민등록번호, 장애종류, 장애등급 정보를 제공받고자 할 경우, 위 정보는 「개인정보 보호법」 제58조 제1항 제1호에 정한 '「통계법」에 따라 수집되는 개인정보’에 해당하지 않으므로 「개인정보 보호법」 제3장부터 제7장까지의 적용이 제외되지 아니한다.
2. 행정안전부장관, 통계청장에게 다음과 같이 각 권고한다.
가. 행정안전부장관은 기관 간에 데이터를 안전하게 제공ㆍ연계하는 시스템을 구축 하고 각 기관들이 이를 활용하여 정책 수립 등에 필요한 자료를 작성할 수 있도록 지원할 것.
나. 통계청장은 '「통계법」에 따라 수집되는 개인정보’와 관련하여 안전성이 확보될 수 있는 방향으로 「통계법」 등 관련 법령의 개정을 추진할 것.",0,,,제17조;제18조;제24조;제58조,목적 외 이용,고유식별정보 포함 여부;피해 발생 또는 위험 발생;사후 시정 노력;수집·이용 목적 명확성
1043,2017-12-11,data_provision_request,교통량 분석 통계작성을 위한 개인정보 제공에 관한 건,단양경찰서장,"단양경찰서는 충청지방통계청에 차량번호, 차량의 통과방향, 통과 연월일시, 통과속도, CCTV 위치가 포함된 행정자료를 정보주체의 동의 없이 제공할 수 없다.",0,,,제17조;제18조;제2조;제3조;제58조,영상정보 처리,피해 발생 또는 위험 발생;위반 기간;수집·이용 목적 명확성;동의 적법성
1049,2017-12-11,data_provision_request,과세특례제도 운영을 위한 해외이주 신고자 개인정보 제공에 관한 건,국세청장,"1. 국세청은 '거주자의 출국 시 국내 주식 등에 대한 과세 특례 제도’와 관련된 업무를 수행하기 위하여 외교부로부터 해외이주 신고자의 성명, 주민등록번호, 이주 국가, 이주 종류와 동반자의 성명, 주민등록번호를 제공받을 수 있다.
2. 국세청장에게 관계 법률 또는 대통령령에 주민등록번호의 처리가 필요한 사무의 내용을 구체적으로 규정할 것을 권고한다.",0,,,제114조;제116조;제117조;제118조의18;제18조;제24조의2;제38조;제68조,목적 외 이용,고유식별정보 포함 여부;피해 발생 또는 위험 발생;수집·이용 목적 명확성;제3자 제공 또는 위탁 구조
1053,2018-01-08,data_provision_request,주택용 소방시설 무상 지원ㆍ보급을 위한 개인정보 제공에 관한 건,소방청장,"전국의 각 소방서는 소화기와 단독경보형감지기의 무상 지원ㆍ보급을 위하여 시ㆍ 군ㆍ구로부터 각 소방서의 관할 지역에 거주 중인「국민기초생활 보장법」제2조 제2호에 따른 수급자 및 제10호에 따른 차상위계층의 성명, 주소, 전화번호를 제공받을 수 있다.",0,,,제18조;제2조;제3조;제8조,목적 외 이용,피해 발생 또는 위험 발생;사후 시정 노력;수집·이용 목적 명확성;동의 적법성;제3자 제공 또는 위탁 구조
1047,2018-03-26,data_provision_request,기초생활보장 신규 수급권자 발굴 및 안내를 위한 개인정보 제공에 관한 건,보건복지부장관,"1. 보건복지부는 기초생활보장 신규 수급권자 발굴 및 안내를 위하여 80세 이상 기초연금 수급자 중 소득과 재산이 0인 가구에 해당하는 자와 장애인연금 수급자 중 소득과 재산이 0인 가구에 해당하는 자의 성명, 생년월일, 성별과 주소가 포함된 수급자격 정보를 이용하거나 이를 국민건강보험공단에 제공할 수 있다.
2. 보건복지부는 기초생활보장 신규 수급권자 발굴 및 안내를 위하여 제1항에 해당하는 자의 건강보험 가입자 구분과 보험료, 피부양자 해당 여부와 피부양자에 해당할 경우 해당 세대 가입자 본인의 성명, 생년월일, 성별, 주소와 보험료가 포함된 건강보험 가입자격 정보를 국민건강보험공단으로부터 제공받을 수 있다.",0,,,제10조;제14조;제18조;제23조;제27조;제29조;제3조,목적 외 이용,민감정보 포함 여부;피해 발생 또는 위험 발생;내부통제 및 안전조치 수준;수집·이용 목적 명확성;동의 적법성;제3자 제공 또는 위탁 구조
1055,2018-05-14,data_provision_request,예금보험기금 회수를 위한 국민연금 가입자 개인정보 제공에 관한 건,국민연금공단 이사장,"국민연금공단은 「예금자보호법」 제21조의2 제1항의 '부실관련자’가 부실금융회사 또는 부실우려금융회사의 부실 또는 부실우려에 책임이 있다고 법원의 판결 및 이에 준하는 집행권원으로 확인된 경우에 한하여 「개인정보 보호법」 제18조 제2항 제2호, 「예금자 보호법」 제21조의3 제1항에 따라 예금보험공사에 국민연금 가입자인 부실관련자 또는 이해관계인의 '국민연금 자격취득일, 기준소득월액 150만원 초과여부, 사업장명, 사업자 등록번호, 사업장 소재지, 사업장 연락처, 대표자 성명’ 정보를 제공할 수 있다.",0,,,제12조의5;제18조;제1조;제21조의2;제21조의3;제2조;제8조,목적 외 이용,고유식별정보 포함 여부;피해 발생 또는 위험 발생;수집·이용 목적 명확성;동의 적법성;제3자 제공 또는 위탁 구조
10131,2025-08-27,enforcement,개인정보보호 법규 위반행위에 대한 시정조치에 관한 건,에스케이텔레콤 주식회사 (사업자등록번호 : )대표자,"1. 피심인에 대하여 다음과 같이 시정조치를 명한다.
피심인은 국민 생활에 밀접한 이동통신 서비스를 제공하는 기간통신사업자로서 개인정보 보호 강화 및 유출 사고 재발 방지를 위하여,
가. 개인정보 처리 현황을 면밀히 파악하여 이동통신망 내 개인정보처리시스템에 대한 불법적인 접근 가능 경로 및 취약점 등 침해사고 위험 요소를 사전에 분석ㆍ차단하는 등 안전조치를 강화할 것
나. 회사 전반의 개인정보 처리 업무를 총괄하도록, 안전조치를 포함한 개인정보 보호법 준수에 대한 개인정보 보호책임자의 책임과 역할을 명확히 정립하고 개인정보 보호에 필요한 조치가 충실히 이행될 수 있도록 거버넌스 체계를 구축 및 정비할 것
다. 개인정보 처리 전 과정에서 안전조치가 준수될 수 있도록 수탁자(협력사, 대리점ㆍ판매점 등)에 대한 강화된 관리ㆍ감독 체계를 마련하고 이행할 것
라. 개인정보 유출 및 피심인의 미흡한 대응 등으로 정보주체 및 사회 전반, 국가적으로 피해가 발생한바, 사회경제적 손실을 회복하고 이동통신 서비스의 신뢰를 회복할 수 있도록 개인정보 보호 강화를 위한 노력을 다할 것
마. 피심인은 가.부터 라.까지의 시정명령에 따른 시정조치를 이행하고, 시정조치 명령 처분 통지를 받은 날로부터 90일 이내에 이행 결과를 개인정보보호위원회에 제출하여야 한다.
2. 피심인에 대하여 다음과 같이 과징금, 과태료를 부과한다.
가. 과 징 금 : 134,791,000,000원
나. 과 태 료 : 9,600,000원
다. 납부기한 : 고지서에 명시된 납부기한 이내
라. 납부장소 : 한국은행 국고수납 대리점
3. 피심인에 대한 개선권고, 시정조치 명령, 과징금 및 과태료 부과의 내용 및 결과를 개인정보보호위원회 홈페이지에 1년 간 공표한다.
4. 피심인의 법 위반 내용 및 처분 결과를 피심인 홈페이지에 공표명령한다.
가. 피심인은 처분 등에 대한 통지를 받은 날부터 1개월 이내 당해 처분 등을 받은 사실 등을 피심인의 홈페이지(모바일 어플리케이션 포함)의 초기화면 팝업창에 전체화면의 6분의1 크기로 5일 이상 7일 미만 기간 동안(휴업일 포함) 게시할 것
나. 피심인은 원칙적으로 표준 공표 문안을 따르되, 공표 문안에 관하여 개인정보보호위원회와 미리 문서로 협의하고, 글자크기ㆍ모양ㆍ색상 등에 대해서는 해당 홈페이지 특성을 고려하여 개인정보보호위원회와 협의하여 정할 것
5. 피심인에 대하여 다음과 같이 개선을 권고한다.
가. 피심인은 개인정보 보호 관리체계(ISMS-P) 인증 범위를 이동통신 인프라 영역으로 확대하여, 회사 시스템 전반의 개인정보 안전성 확보조치 수준을 제고할 것
나. 피심인은 이동통신 인프라 영역 전반에 대해서도 실질적으로 적용될 수 있는 내부 관리계획을 수립ㆍ시행 및 점검할 것
다. 피심인은 가상 데스크톱 인프라( ) 운영과 관련하여, 개인정보취급자의 접근권한 및 접속기록 등 관리 실태를 점검 및 개선할 것
라. 피심인은 가., 나., 다.의 개선권고 통지를 받은 날로부터 90일 이내에 조치 결과를 개인정보보호위원회에 제출하여야 한다.",4,과징금;과태료;시정명령;공표명령;개선권고,134791000000.0,제10조;제11조;제29조;제2조;제30조;제31조;제34조;제39조;제3조;제40조;제48조의3;제5조;제60조의2;제61조;제63조;제64조;제64조의2;제66조;제6조;제75조;제76조;제7조;제8조;제9조,유출·침해;동의·고지 위반;안전조치 미흡;접근권한·내부통제;처리위탁;정보주체 권리보장,정보주체 규모;반복성;고의 또는 중과실;피해 발생 또는 위험 발생;사후 시정 노력;내부통제 및 안전조치 수준;위반 기간;수집·이용 목적 명확성;제3자 제공 또는 위탁 구조;금전 제재 여부;공표 또는 시정명령 여부
1977,2022-09-14,enforcement,개인정보보호 법규 위반행위에 대한 시정조치 등에 관한 건,"Google Limited Liability Company1600 Amphitheatre Parkway Mountain View, California, USA대표이사 Sundar Pichai","1. 피심인에 대하여 다음과 같이 시정조치를 명한다.
가. 피심인은 이용자의 타사 행태정보를 수집ㆍ이용하려면 이용자가 자유로운 결정권을 행사하고 쉽고 명확하게 인지할 수 있도록 이용자에게 알리고 동의를 받아야 한다.
나. 위 가의 시정명령에 따른 시정조치를 이행하고, 시정조치 명령 처분통지를 받은 날로부터 90일 이내에 이행결과를 개인정보보호위원회에 제출하여야 한다.
2. 피심인에 대하여 다음과 같이 과징금을 부과한다.
가. 과 징 금 : 69,241,000,000원
나. 납부기한 : 고지서에 명시된 납부기한 이내
다. 납부장소 : 한국은행 국고수납 대리점
3. 피심인의 법 위반행위 내용 및 결과를 개인정보보호위원회 홈페이지에 공표한다.",4,과징금;시정명령;공표명령,69241000000.0,제12조;제15조;제17조;제22조;제26조의2;제2조;제39조의15;제39조의3;제48조의11;제48조의2;제4조;제5조;제64조;제66조;제8조;제9조,유출·침해;동의·고지 위반;보유기간·파기 위반;민감정보·고유식별정보;처리위탁;정보주체 권리보장,민감정보 포함 여부;반복성;고의 또는 중과실;피해 발생 또는 위험 발생;사후 시정 노력;위반 기간;수집·이용 목적 명확성;동의 적법성;제3자 제공 또는 위탁 구조;금전 제재 여부;공표 또는 시정명령 여부
1979,2022-09-14,enforcement,개인정보보호 법규 위반행위에 대한 시정조치 등에 관한 건,"Meta Platforms, Inc.1601 Willow Road, Menlo Park, California 94025대표이사 Mark Zuckerberg","1. 피심인에 대하여 다음과 같이 시정조치를 명한다.
가. 피심인은 이용자의 타사 행태정보를 수집ㆍ이용하려면 이용자가 자유로운 결정권을 행사하고 쉽고 명확하게 인지할 수 있도록 이용자에게 알리고 동의를 받아야 한다.
나. 위 가의 시정명령에 따른 시정조치를 이행하고, 시정조치 명령 처분통지를 받은 날로부터 90일 이내에 이행결과를 개인정보보호위원회에 제출하여야 한다.
2. 피심인에 대하여 다음과 같이 과징금을 부과한다.
가. 과 징 금 : 30,806,000,000원
나. 납부기한 : 고지서에 명시된 납부기한 이내
다. 납부장소 : 한국은행 국고수납 대리점
3. 피심인의 법 위반행위 내용 및 결과를 개인정보보호위원회 홈페이지에 공표한다.",4,과징금;시정명령;공표명령,30806000000.0,제12조;제15조;제17조;제22조;제26조의2;제2조;제39조의15;제39조의3;제48조의11;제48조의2;제4조;제5조;제64조;제66조;제6조;제8조,유출·침해;동의·고지 위반;보유기간·파기 위반;민감정보·고유식별정보;처리위탁;정보주체 권리보장,민감정보 포함 여부;반복성;고의 또는 중과실;피해 발생 또는 위험 발생;사후 시정 노력;위반 기간;수집·이용 목적 명확성;동의 적법성;제3자 제공 또는 위탁 구조;금전 제재 여부;공표 또는 시정명령 여부
9537,2022-09-14,enforcement,개인정보보호 법규 위반행위에 대한 시정조치 등에 관한 건,"Meta Platforms, Inc.1601 Willow Road, Menlo Park, California 94025대표이사 Mark Zuckerberg","1. 피심인에 대하여 다음과 같이 시정조치를 명한다.
가. 피심인은 이용자의 타사 행태정보를 수집ㆍ이용하려면 이용자가 자유로운 결정권을 행사하고 쉽고 명확하게 인지할 수 있도록 이용자에게 알리고 동의를 받아야 한다.
나. 위 가의 시정명령에 따른 시정조치를 이행하고, 시정조치 명령 처분통지를 받은 날로부터 90일 이내에 이행결과를 개인정보보호위원회에 제출하여야 한다.
2. 피심인에 대하여 다음과 같이 과징금을 부과한다.
가. 과 징 금 : 30,806,000,000원
나. 납부기한 : 고지서에 명시된 납부기한 이내
다. 납부장소 : 한국은행 국고수납 대리점
3. 피심인의 법 위반행위 내용 및 결과를 개인정보보호위원회 홈페이지에 공표한다.",4,과징금;시정명령;공표명령,30806000000.0,제12조;제15조;제17조;제22조;제26조의2;제2조;제39조의15;제39조의3;제48조의11;제48조의2;제4조;제5조;제64조;제66조;제6조;제8조,유출·침해;동의·고지 위반;보유기간·파기 위반;민감정보·고유식별정보;처리위탁;정보주체 권리보장,민감정보 포함 여부;반복성;고의 또는 중과실;피해 발생 또는 위험 발생;사후 시정 노력;위반 기간;수집·이용 목적 명확성;동의 적법성;제3자 제공 또는 위탁 구조;금전 제재 여부;공표 또는 시정명령 여부
10069,2024-11-04,enforcement,,,"1. 피심인에 대하여 다음과 같이 시정조치를 명한다.
가. 이용자의 페이스북 활동 등을 통해 민감한 주제에 해당하는 광고 타겟을 생성하는 경우 이용자에게 법정 고지사항을 알린 후 별도 동의를 받는 등 보호법 제23조에 따른 적법 근거를 마련하고, 안전성 확보 조치를 취할 것
나. 이용자의 개인정보 열람 요구가 있는 경우 성실히 응할 것. 이를 위해 개인정보 제공 현황 등을 일정 기간 보관하거나, 이용자가 그 현황을 쉽게 확인ㆍ통제할 수 있도록 조치할 것
다. 처분통지를 받은 날로부터 90일 이내에 시정명령 이행 계획을 개인정보보호위원회에 제출할 것
2. 피심인에 대하여 다음과 같이 과징금과 과태료를 부과한다.
가. 과 징 금 : 21,613,000,000원
나. 과 태 료 : 10,200,000원
다. 납부기한 : 고지서에 명시된 납부기한 이내
라. 납부장소 : 한국은행 국고수납 대리점
3. 피심인의 법 위반행위 내용 및 결과를 개인정보보호위원회 홈페이지에 1년간 공표한다.",4,과징금;과태료;시정명령,21613000000.0,제23조,동의·고지 위반;정보주체 권리보장,사후 시정 노력;위반 기간;동의 적법성;금전 제재 여부;공표 또는 시정명령 여부
7153,2024-05-22,enforcement,개인정보보호 법규 위반행위에 대한 시정조치에 관한 건,(사업자등록번호 : )대표자,"1. 피심인 에 대하여 다음과 같이 시정조치를 명한다.
가. 피심인은 이용자 대상 개인정보 유출 통지를 실시하여야 한다.
나. 피심인은 가.의 시정명령에 따른 시정조치를 이행하고, 시정조치 명령 처분통지를 받은 날로부터 60일 이내에 이행 결과를 개인정보보호위원회에 제출하여야 한다.
2. 피심인 에 대하여 다음과 같이 과징금과 과태료를 부과한다.
가. 과 징 금 : 15,141,960,000원
나. 과 태 료 : 7,800,000원
다. 납부기한 : 고지서에 명시된 납부기한 이내
라. 납부장소 : 한국은행 국고수납 대리점
3. 피심인 에 대한 시정조치 명령과 과태료 부과의 내용 및 결과를 개인정보보호위원회 홈페이지에 1년간 공표한다.",4,과징금;과태료;시정명령,15141960000.0,제25조;제29조;제2조;제32조의2;제39조의15;제39조의4;제48조의11;제48조의2;제48조의4;제4조;제5조;제63조;제64조;제66조;제6조;제75조;제7조;제8조,유출·침해;동의·고지 위반;안전조치 미흡;민감정보·고유식별정보;정보주체 권리보장,정보주체 규모;고유식별정보 포함 여부;고의 또는 중과실;피해 발생 또는 위험 발생;사후 시정 노력;내부통제 및 안전조치 수준;위반 기간;수집·이용 목적 명확성;동의 적법성;제3자 제공 또는 위탁 구조;금전 제재 여부;공표 또는 시정명령 여부
9129,2024-05-22,enforcement,개인정보보호 법규 위반행위에 대한 시정조치에 관한 건,(사업자등록번호 : )대표자,"1. 피심인 에 대하여 다음과 같이 시정조치를 명한다.
가. 피심인은 이용자 대상 개인정보 유출 통지를 실시하여야 한다.
나. 피심인은 가.의 시정명령에 따른 시정조치를 이행하고, 시정조치 명령 처분통지를 받은 날로부터 60일 이내에 이행 결과를 개인정보보호위원회에 제출하여야 한다.
2. 피심인 에 대하여 다음과 같이 과징금과 과태료를 부과한다.
가. 과 징 금 : 15,141,960,000원
나. 과 태 료 : 7,800,000원
다. 납부기한 : 고지서에 명시된 납부기한 이내
라. 납부장소 : 한국은행 국고수납 대리점
3. 피심인 에 대한 시정조치 명령과 과태료 부과의 내용 및 결과를 개인정보보호위원회 홈페이지에 1년간 공표한다.",4,과징금;과태료;시정명령,15141960000.0,제25조;제29조;제2조;제32조의2;제39조의15;제39조의4;제48조의11;제48조의2;제48조의4;제4조;제5조;제63조;제64조;제66조;제6조;제75조;제7조;제8조,유출·침해;동의·고지 위반;안전조치 미흡;민감정보·고유식별정보;정보주체 권리보장,정보주체 규모;고유식별정보 포함 여부;고의 또는 중과실;피해 발생 또는 위험 발생;사후 시정 노력;내부통제 및 안전조치 수준;위반 기간;수집·이용 목적 명확성;동의 적법성;제3자 제공 또는 위탁 구조;금전 제재 여부;공표 또는 시정명령 여부
10109,2025-03-26,enforcement,,,"1. 피심인에 대하여 다음과 같이 시정조치를 명한다.
가. 피심인은 개인정보 유출 및 오용ㆍ남용 방지를 위한 내부통제시스템을 면밀히 검토하고 개인정보취급자에게 필요한 교육 등 관리ㆍ감독을 철저히 할 것
나. 개인정보처리시스템에 대한 접근권한을 최소화하고, 접속기록을 상시적ㆍ주기적으로 점검하며, 업무에 불필요한 개인정보가 화면에 출력ㆍ표시되지 않도록 안전조치를 강화할 것
다. 피심인은 가.부터 나.까지의 시정명령에 따른 시정조치를 이행하고, 시정조치 명령 처분통지를 받은 날로부터 90일 이내에 이행 결과를 제출할 것
2. 피심인에 대하여 다음과 같이 과징금을 부과한다.
가. 과 징 금 : 13,451,000,000원
나. 납부기한 : 고지서에 명시된 납부기한 이내
다. 납부장소 : 한국은행 국고수납 대리점
3. 피심인에 대하여 다음과 같이 공표하도록 명한다.
가. 피심인은 처분 등에 대한 통지를 받은 날부터 90일 이내 당해 처분 등을 받은 사실 등을 피심인의 홈페이지(모바일 어플리케이션 포함)의 초기화면에 전체 화면의 6분의 1 크기로 2일 이상 5일미만의 기간 동안(휴업일 포함) 게시할 것
나. 피심인은 원칙적으로 표준 공표 문안을 따르되, 공표 문안에 관하여 개인정보보호위원회와 미리 문서로 협의해야 하며, 글자 크기ㆍ모양ㆍ색상 등에 대해서는 해당 홈페이지 특성을 고려하여 개인정보보호위원회와 협의하여 정할 것
4. 피심인에 대한 고발 및 징계권고를 유예한다.",4,과징금;시정명령;고발,13451000000.0,,유출·침해;동의·고지 위반;안전조치 미흡;접근권한·내부통제,사후 시정 노력;내부통제 및 안전조치 수준;금전 제재 여부;공표 또는 시정명령 여부
9671,2024-05-08,enforcement,개인정보보호 법규 위반행위에 대한 시정조치에 관한 건,(주)골프존 (사업자등록번호 : )대표자,"1. 피심인에 대하여 다음과 같이 과징금과 과태료를 부과한다.
가. 과 징 금 : 7,504,000,000원
나. 과 태 료 : 5,400,000원
다. 납부기한 : 고지서에 명시된 납부기한 이내
라. 납부장소 : 한국은행 국고수납 대리점
2. 피심인에 대하여 다음과 같이 시정조치를 명한다.
가. 피심인은 회사 내 처리되는 개인정보 처리 흐름을 면밀히 분석하여 내부관리계획을 재정립하고, 공유설정 등을 통해 개인정보가 유출되지 않도록 조치하는 등 제반 안전조치의무를 준수하는 한편 피심인이 관리하는 개인정보가 안전하게 처리될 수 있도록 개인정보 보호책임자의 위상과 역할을 강화할 것
나. 전 직원을 대상으로 개인정보 보호 교육을 주기적으로 실시할 것
다. 피심인은 가.부터 나.까지의 시정명령에 따른 시정조치를 이행하고, 시정조치 명령 처분통지를 받은 날로부터 90일 이내에 이행결과를 개인정보보호위원회에 제출할 것
3. 피심인의 법 위반 내용 및 처분 결과를 피심인 홈페이지에 공표명령한다.
가. 피심인은 처분 등에 대한 통지를 받은 날부터 1개월 이내 당해 처분 등을 받은 사실 등을 피심인의 홈페이지(모바일 어플리케이션 포함)의 초기화면 팝업창에 전체화면의 2분의1 크기로 10일 이상 기간 동안(휴업일 포함) 게시할 것
나. 피심인은 원칙적으로 표준 공표 문안을 따르되, 공표 문안에 관하여 개인정보보호위원회와 미리 문서로 협의해야 하고, 글자크기ㆍ모양ㆍ색상 등에 대해서는 해당 홈페이지 특성을 고려하여 개인정보보호위원회와 협의하여 정할 것",4,과징금;과태료;시정명령;공표명령,7504000000.0,제10조;제11조;제21조;제24조;제24조의2;제29조;제30조;제4조;제5조;제60조의2;제63조;제64조;제64조의2;제66조;제6조;제75조;제76조;제7조;제8조;제9조,유출·침해;동의·고지 위반;안전조치 미흡;보유기간·파기 위반;민감정보·고유식별정보;접근권한·내부통제;정보주체 권리보장,정보주체 규모;고유식별정보 포함 여부;고의 또는 중과실;피해 발생 또는 위험 발생;사후 시정 노력;내부통제 및 안전조치 수준;위반 기간;수집·이용 목적 명확성;동의 적법성;금전 제재 여부;공표 또는 시정명령 여부
9675,2024-05-08,enforcement,개인정보보호 법규 위반행위에 대한 시정조치에 관한 건,(주)골프존 (사업자등록번호 : )대표자,"1. 피심인에 대하여 다음과 같이 과징금과 과태료를 부과한다.
가. 과 징 금 : 7,504,000,000원
나. 과 태 료 : 5,400,000원
다. 납부기한 : 고지서에 명시된 납부기한 이내
라. 납부장소 : 한국은행 국고수납 대리점
2. 피심인에 대하여 다음과 같이 시정조치를 명한다.
가. 피심인은 회사 내 처리되는 개인정보 처리 흐름을 면밀히 분석하여 내부관리계획을 재정립하고, 공유설정 등을 통해 개인정보가 유출되지 않도록 조치하는 등 제반 안전조치의무를 준수하는 한편 피심인이 관리하는 개인정보가 안전하게 처리될 수 있도록 개인정보 보호책임자의 위상과 역할을 강화할 것
나. 전 직원을 대상으로 개인정보 보호 교육을 주기적으로 실시할 것
다. 피심인은 가.부터 나.까지의 시정명령에 따른 시정조치를 이행하고, 시정조치 명령 처분통지를 받은 날로부터 90일 이내에 이행결과를 개인정보보호위원회에 제출할 것
3. 피심인의 법 위반 내용 및 처분 결과를 피심인 홈페이지에 공표명령한다.
가. 피심인은 처분 등에 대한 통지를 받은 날부터 1개월 이내 당해 처분 등을 받은 사실 등을 피심인의 홈페이지(모바일 어플리케이션 포함)의 초기화면 팝업창에 전체화면의 2분의1 크기로 10일 이상 기간 동안(휴업일 포함) 게시할 것
나. 피심인은 원칙적으로 표준 공표 문안을 따르되, 공표 문안에 관하여 개인정보보호위원회와 미리 문서로 협의해야 하고, 글자크기ㆍ모양ㆍ색상 등에 대해서는 해당 홈페이지 특성을 고려하여 개인정보보호위원회와 협의하여 정할 것",4,과징금;과태료;시정명령;공표명령,7504000000.0,제10조;제11조;제21조;제24조;제24조의2;제29조;제30조;제4조;제5조;제60조의2;제63조;제64조;제64조의2;제66조;제6조;제75조;제76조;제7조;제8조;제9조,유출·침해;동의·고지 위반;안전조치 미흡;보유기간·파기 위반;민감정보·고유식별정보;접근권한·내부통제;정보주체 권리보장,정보주체 규모;고유식별정보 포함 여부;고의 또는 중과실;피해 발생 또는 위험 발생;사후 시정 노력;내부통제 및 안전조치 수준;위반 기간;수집·이용 목적 명확성;동의 적법성;금전 제재 여부;공표 또는 시정명령 여부
5047,2023-07-12,enforcement,개인정보보호 법규 위반행위에 대한 시정조치에 관한 건,㈜엘지유플러스 (사업자등록번호 : )대표자,"1. 피심인 ㈜엘지유플러스에 대하여 다음과 같이 시정조치를 명한다.
가. 운영 중인 개인정보처리시스템 전반에 대해 「개인정보 보호법」 제29조(안전조치 의무), 같은 법 시행령 제48조의2(개인정보의 안전성 확보조치)를 준수하고 취약 부분을 개선할 것
나. 전사적 차원에서 개인정보 내부관리계획(거버넌스)을 재정립(권한ㆍ책임 명확화)할 것
다. 개인정보 보호책임자의 역할과 위상(CEO 직속 조직구성 등) 및 전문성을 강화 할 것
라. 전 직원을 대상으로 정기적인 개인정보 보호 교육 계획을 수립하고 실시할 것
마. 개인정보처리시스템 내에 법령상 보관 의무가 없거나 처리 목적 달성 등으로 불필요하게 보관하고 있는 개인정보를 모두 파기할 것
바. 피심인은 가.부터 마.까지의 시정명령에 따른 시정조치를 이행하고, 시정조치 명령 처분통지를 받은 날로부터 90일 이내에 이행결과를 개인정보보호위원회에 제출할 것
2. 피심인에 대하여 다음과 같이 과징금과 과태료를 부과한다.
가. 과 징 금 : 6,800,452,000원
나. 과 태 료 : 27,000,000원
다. 납부기한 : 고지서에 명시된 납부기한 이내
라. 납부장소 : 한국은행 국고수납 대리점
3. 피심인이 시정조치 명령을 받은 사실과 과태료 부과에 대해 개인정보보호위원회 홈페이지에 공표한다.",4,과징금;과태료;시정명령;공표명령,6800452000.0,제21조;제25조;제29조;제2조;제39조의15;제39조의4;제48조의11;제48조의2;제4조;제5조;제63조;제64조;제66조;제6조;제75조;제7조;제8조,유출·침해;동의·고지 위반;안전조치 미흡;보유기간·파기 위반;민감정보·고유식별정보;접근권한·내부통제;처리위탁;정보주체 권리보장,정보주체 규모;고유식별정보 포함 여부;고의 또는 중과실;피해 발생 또는 위험 발생;사후 시정 노력;내부통제 및 안전조치 수준;위반 기간;수집·이용 목적 명확성;제3자 제공 또는 위탁 구조;금전 제재 여부;공표 또는 시정명령 여부
2223,2021-08-25,enforcement,개인정보보호 법규 위반행위에 대한 시정조치 등에 관한 건,"1. Facebook Incorporation1601 Willow Road, Menlo Park, California 94025대표이사 Mark Zuckerberg2. Facebook Ireland Limited4 Grand Canal Square, Grand Canal Harbour, Dublin 2, Ireland대표이사 Gareth Lambe, Yvonne Cunnane 등","1. 피심인에 대하여 다음과 같이 시정조치를 명한다.
가. 피심인 Facebook Incorporation, Facebook Ireland Limited는 이용자의 동의를 받지 않고 수집된 '얼굴인식 템플릿’을 파기하거나 이용자에게 동의를 받아야 한다.
나. 피심인 Facebook Ireland Limited는 정보통신서비스제공자 변경에 따른 개인정보를 이전하려는 사실, 이전 받는 자의 성명(법인명)ㆍ주소ㆍ전화번호 및 그 밖의 연락처, 개인정보 이전을 원하지 않는 경우 동의를 철회할 수 있는 방법을 인터넷 홈페이지 게시, 전자우편 등의 방법으로 이용자에게 알려야 한다.
다. 피심인 Facebook Incorporation은 다음과 같은 사항을 이행하여야 한다.
1) 법적 근거 없이 주민등록번호가 처리되지 않도록 조치하고, 이미 수집된 주민등록번호는 파기하여야 한다.
2) 개인정보를 이전받은 사실 및 이전받는 자의 성명(법인명)ㆍ주소ㆍ전화번호 및 그 밖의 연락처를 인터넷 홈페이지 게시, 전자우편 등의 방법으로 이용자에게 알려야 한다.
3) 페이스북의 개인정보 처리업무를 위탁하는 경우 위탁하는 업무의 내용과 개인정보 처리업무를 위탁받아 처리하는 자(수탁자)를 인터넷 홈페이지에 게재하여야 한다.
4) 국외 이전하는 개인정보 항목, 이전되는 국가, 이전일시 및 이전방법, 이전받는 자의 성명(법인명), 이전받은 자의 개인정보 이용목적 및 보유ㆍ이용기간을 개인정보 처리방침에 공개하거나 전자우편 등의 방법으로 이용자에게 알려야 한다.
라. 위 가ㆍ나ㆍ다의 시정명령에 따른 시정조치를 이행하고, 시정조치 명령 처분통지를 받은 날로부터 90일 이내에 이행결과를 개인정보보호위원회에 제출하여야 한다.
2. 피심인에 대하여 다음과 같이 과징금과 과태료를 부과한다.
가. 과 징 금
ㅇ Facebook Incorporation : 4,483,000,000원
ㅇ Facebook Ireland Limited : 1,960,000,000원
나. 과 태 료
ㅇ Facebook Incorporation : 20,000,000원
ㅇ Facebook Ireland Limited : 6,000,000원
다. 납부기한 : 고지서에 명시된 납부기한 이내
라. 납부장소 : 한국은행 국고수납 대리점
3. 피심인의 법 위반행위 내용 및 결과를 개인정보보호위원회 홈페이지에 공표한다.
4. 피심인에 대하여 다음과 같이 개선하도록 권고한다.
가. “카드 추가” 화면에서 카드번호 수집과 관련한 법정 고지사항을 이용자가 쉽게 확인할 수 있도록 하여야 한다.
나. 위 가의 개선조치 결과는 개선권고를 받은 날로부터 90일 이내 개인정보보호위원회에 제출하여야 한다.",4,과태료;시정명령;공표명령;개선권고,4483000000.0,제12조;제14조;제15조;제17조;제22조;제23조;제24조;제24조의2;제25조;제26조;제26조의2;제27조;제28조;제2조;제30조;제39조의12;제39조의3;제4조;제5조;제61조;제63조;제64조;제64조의2;제64조의3;제66조;제69조의2;제6조;제74조;제75조;제76조;제7조;제8조,유출·침해;동의·고지 위반;제3자 제공;국외이전;안전조치 미흡;보유기간·파기 위반;아동 개인정보;민감정보·고유식별정보;접근권한·내부통제;처리위탁;정보주체 권리보장,정보주체 규모;고유식별정보 포함 여부;반복성;고의 또는 중과실;피해 발생 또는 위험 발생;사후 시정 노력;내부통제 및 안전조치 수준;위반 기간;수집·이용 목적 명확성;동의 적법성;제3자 제공 또는 위탁 구조;국외이전 고지·동의 여부;금전 제재 여부;공표 또는 시정명령 여부
967,2012-04-09,other,주민번호 수집ㆍ이용 최소화 종합대책,,행정안전부가 2012. 3. 16. 수정ㆍ제출한 '주민번호 수집ㆍ이용 최소화 종합대책’에 대하여 동 안건 5쪽 상단의 주민번호 수집의 원칙적 금지 내용 중 '법정주의 원칙’ 부분을 제외하고 나머지 부분을 원안과 같이 의결함,0,,,,,
1017,2012-06-11,other,주식회사 구글(Google Inc.)의 개인정보 취급방침 개선 의견,,"1. 주식회사 구글(이하 '구글’이라고 함)은 개인정보 취급방침에 개인정보 수집목적을 포괄적으로 설정하고, 개인정보 수집ㆍ이용 등에 대해 사용자에게 선택권을 부여하지 않고 일괄적으로 동의를 구하고 있으며, 필요 이상의 기간 동안 개인정보를 보유할 수 있도록 함으로써 결과적으로 개인정보의 과다수집과 오남용 소지가 있다.
2. 이에 따라 개인정보보호위원회는 구글의 개인정보 수집ㆍ이용행위가 '목적의 명확화’와 '개인정보 최소수집’을 규정한 「개인정보보호법」 제3조, 제16조 및 「정보통신망 이용촉진 및 정보보호에 관한 법률(이하 '정보통신망법’이라고 함)」 제23조와 '개인정보 수집ㆍ이용 시 동의’를 규정한 「개인정보보호법」 제15조, 제22조 및 「정보통신망법」 제22조, 제26조의2 그리고 '개인정보의 파기’를 규정한 「개인정보 보호법」 제21조, 제36조, 제37조 및 「정보통신망법」 제29조, 제30조 위반 소지가 있다고 판단하여 구글의 개인정보취급방침이 다음과 같이 개선되어야 한다는 의견을 표명하기로 하였다.
1) 개인정보 수집 목적을 보다 명확하게 규정하고, 그 규정한 목적과 해당 서비스에 필요한 최소한의 개인정보를 수집ㆍ이용하도록 할 것
2) 개인정보를 '수집 당시 목적’과 다른 용도로 이용하거나 개인별 맞춤형 콘텐츠 제공 등 사용자의 개별적 선택권을 존중해야 하는 서비스에 대해서는 별도로 동의를 받도록 할 것
3) 개인정보의 보유기간이 만료되거나 정보주체의 파기요청이 있으면 해당 개인정보를 지체 없이 파기한다는 원칙을 방침에 명시할 것",0,,,제15조;제16조;제18조;제21조;제22조;제23조;제26조의2;제29조;제30조;제36조;제37조;제3조,동의·고지 위반;목적 외 이용;보유기간·파기 위반;정보주체 권리보장,사후 시정 노력;수집·이용 목적 명확성;동의 적법성;제3자 제공 또는 위탁 구조
951,2012-10-22,other,한국장학재단 학자금 대출 회수를 위한 개인정보 제3자 제공 요청 건,,한국장학재단이 「한국장학재단 설립 등에 관한 법률」 제50조 제1항 제5호에 따라 국민건강보험공단에게 제출 요청한 '직장정보’는 「개인정보보호법」 제18조 제2항에 따른 관련 근거가 있다고 보기 어려우므로 '기각’함,0,,,제18조;제50조,제3자 제공,제3자 제공 또는 위탁 구조
1123,2012-11-26,other,중ㆍ고등학교 전자학생증 발급관련 개선권고,,"개인정보보호위원회는 중ㆍ고등학교의 전자학생증 발급과 관련하여, 각 학교가 「개인정보 보호법」을 철저히 준수하도록 교육과학기술부장관에게 아래와 같이 권고한다.
1. 각 학교가 위탁계약서에 목적외 처리금지, 기술적ㆍ관리적 보호조치에 관한 사항 등 「개인정보보호법」 제26조제1항 및 동법 시행령 제28조 등에 규정된 내용을 충실히 반영하도록 할 것
2. 각 학교가 학생증 발급업무를 업체에 위탁하는 경우, 「개인정보보호법」 제26조제2항에 따라 위탁업무내용 및 수탁자를 정보주체가 쉽게 확인할 수 있도록 인터넷 홈페이지 등에 공개하도록 할 것
3. 각 학교는 개인정보가 분실ㆍ도난ㆍ유출ㆍ변조 또는 훼손되지 아니하도록 「개인정보 보호법」 제26조제4항에 따라 수탁자 교육 및 감독을 철저히 하도록 할 것
4. 각 학교가 수탁업체 선정 시 개인정보의 기술적ㆍ관리적 보호조치를 성실히 수행할 수 있는 업체를 선정하고, 「개인정보보호법」 제30조 및 동법 시행령 제31조에 따라 수탁업체의 개인정보처리방침 수립ㆍ공개에 대한 지도ㆍ감독을 철저히 할 것
5. 각 학교가 학생증 발급 업무 위탁 시 '표준개인정보처리 위탁계약서(붙임)’를 사용 하도록 권고할 것",1,개선권고,,제26조;제28조;제30조;제31조,유출·침해;목적 외 이용;보유기간·파기 위반;처리위탁,정보주체 규모;피해 발생 또는 위험 발생;사후 시정 노력;수집·이용 목적 명확성;제3자 제공 또는 위탁 구조
1137,2012-11-26,other,「주민등록번호의 사용 제한」 규정 관련 개선 의견,,"방송통신위원회 위원장에게 「정보통신망 이용촉진 및 정보보호 등에 관한 법률」(이하 '「정보통신망법」’이라고 함)을 다음과 같은 내용을 반영하여 개선할 것을 권고한다.
1. 「정보통신망법」 제23조의2 제1항 각 호에 따라 예외적으로 주민등록번호를 수집할 수 있는 경우에도 동법 제22조에 따라 원칙적으로 이용자의 동의를 받아야 함을 명확히 할 것
2. 「정보통신망법」 제22조 제2항 제1호 및 제2호에서 규정한 동의 없이 개인정보를 수집ㆍ이용할 수 있는 사유가 '주민등록번호’의 경우에는 적용되지 않도록 조치할 것
3. 「정보통신망법」 제23조의2 제1항 제3호의 '영업상 목적을 위하여 이용자의 주민등록 번호 수집ㆍ이용이 불가피한 정보통신서비스 제공자로서 방송통신위원회가 고시하는 경우’에 대한 기준을 대통령령에 구체적으로 제시할 것",1,개선권고,,제22조;제23조의2;제23조의3;제23조의4;제44조의5;제8조,유출·침해;동의·고지 위반;민감정보·고유식별정보,고유식별정보 포함 여부;피해 발생 또는 위험 발생;사후 시정 노력;수집·이용 목적 명확성;동의 적법성
413,2013-03-11,other,중ㆍ고등학교 전자학생증 발급에 대한 정책 청원관련 개선권고,,"1. 개인정보보호위원회는 교육과학기술부장관에게
중ㆍ고등학교 학생증의 외부위탁 발급 시 학생들의 개인정보 보호를 위하여 외주제작이 완료되면 지체없이 개인정보를 파기하도록 철저히 지도ㆍ감독 할 것을 권고한다.
2. 나머지 청원은 기각한다",1,개선권고,,제21조,동의·고지 위반;보유기간·파기 위반;처리위탁;정보주체 권리보장,사후 시정 노력;수집·이용 목적 명확성;동의 적법성;제3자 제공 또는 위탁 구조
433,2013-03-25,other,공익근무요원의 민감정보 제3자 제공에 관한 건,,지방병무청은 복무기관의 장에게 공익근무요원의 질병 또는 범죄경력 관련 정보를 일률적으로 제공할 수 없다.,0,,,제157조;제18조;제23조,유출·침해;동의·고지 위반;제3자 제공;민감정보·고유식별정보,민감정보 포함 여부;피해 발생 또는 위험 발생;동의 적법성;제3자 제공 또는 위탁 구조
411,2013-05-27,other,「쓰레기 불법투기행위 촬영 영상자료 공개」관련 법령 해석,,지방자치단체가「폐기물관리법」제8조 및 제68조에서 규정하는 쓰레기 불법투기 단속 업무를 수행하는 과정에서 촬영한 불법 투기자를 식별할 수 있는 영상자료를 불법 투기자의 인적 사항을 파악하기 위한 목적으로 해당 지역 주민에게 공개하여서는 아니 된다.,0,,,제3조;제68조;제8조,유출·침해,피해 발생 또는 위험 발생;수집·이용 목적 명확성;제3자 제공 또는 위탁 구조
427,2013-06-24,other,연구대상 환자의 건강정보 및 의무기록 제공요청에 대한 심의ㆍ의결 요청 건,,한국보건의료연구원장의 민감정보 제공요청 건은 「개인정보보호법」 제18조 제2항 제5호의 심의ㆍ의결 대상이 아니므로 각하한다.,0,,,제15조;제17조;제18조;제19조;제23조,유출·침해;민감정보·고유식별정보,민감정보 포함 여부;고유식별정보 포함 여부;피해 발생 또는 위험 발생
1027,2013-07-08,other,의료인의 실태 등 신고서 양식 수정요청에 대한 심의ㆍ의결 요청 건,,「의료인의 실태 등 신고서 양식 수정요청에 대한 심의ㆍ의결 요청」건과 관련된 서울특별시의사회장의 요청을 기각한다.,0,,,제16조;제3조,,사후 시정 노력;수집·이용 목적 명확성
1031,2013-07-08,other,스마트폰으로부터 처리(전송)되는 개인정보의 보호를 위한 제도개선의 건,,"개인정보보호위원회는 스마트폰으로부터 처리(전송)되는 개인정보의 보호를 강화하기 위해 방송통신위원회 위원장에게 다음과 같은 제도개선 의견을 제시한다.
1. 스마트폰의 제조사ㆍ운영체제사ㆍ앱 개발사ㆍ통신사 등(이하 “관계사”라 한다)을 대상으로 스마트폰으로부터 생성ㆍ저장된 정보의 오ㆍ남용 방지를 위해, 위 관계사로 처리(전송)되는 정보의 이용 현황을 파악하여 개인의 사생활과 밀접한 성격의 정보를 최소한으로 수집하는 기준, 그리고 이러한 정보가 제공ㆍ이용 될 경우 개인이 식별되지 않도록 처리하는 방안 등이 포함된 가칭 「스마트폰 관련 개인정보보호 가이드라인」을 마련할 필요가 있다.
2. 또한, 스마트폰으로부터 생성ㆍ저장된 정보가 관계사로 처리(전송)되는 과정상에서 개인정보 자기결정권이 보장 되도록 하기 위해 스마트폰 사용자가 이를 확인하고 차단하는 수단을 마련ㆍ보급하는 등의 정책을 도입할 필요가 있다.",0,,,제17조;제23조;제3조,유출·침해;동의·고지 위반;정보주체 권리보장,피해 발생 또는 위험 발생;사후 시정 노력;수집·이용 목적 명확성;동의 적법성
401,2013-07-22,other,축산물위생관리법(전자창구 및 전자기록부 운영)에 대한 심의ㆍ의결 요청 건,,춘천시가 식육포장처리업 영업자가 기록ㆍ보관하는 원료수불대장과 거래내역서를 제공 받고자 한다면 개인정보보호법 제18조 제2항 각 호에서 정한 요건을 충족하여야 할 것이다.,0,,,제18조;제2조,동의·고지 위반;제3자 제공,사후 시정 노력;수집·이용 목적 명확성;동의 적법성;제3자 제공 또는 위탁 구조
10319,2023-12-13,prior_review,사전적정성 검토 신청에 따른 검토 결과에 관한 건,㈜사람인,㈜사람인은 경우 보호법 제17조 제4항 및 시행령 제14조의2에 따라 구직자가 자신이 선택한 구인기업에 입사 지원(이력서 제출 등) 시 플랫폼에서 별도 동의 없이 제3자 제공이 가능하다.,0,,,제14조의2;제17조,동의·고지 위반;제3자 제공,동의 적법성;제3자 제공 또는 위탁 구조
10321,2023-12-13,prior_review,사전적정성 검토 신청에 따른 검토 결과에 관한 건,고용노동부,"고용노동부는 별지의 사항을 준수할 경우 「고용정책기본법」 제6조제1항제11호, 「직업안정법」 제3조제1항제6호 등에 따른 소관 업무 수행을 위해 '거짓 구인광고 신고시스템’을 통해 신고인 및 피신고인의 개인정보를 처리할 수 있으며, 이 중 거짓 구인광고 업체로 확인된 정보를 타 HR채용 플랫폼에 제공할 수 있다.",0,,,제3조;제6조,,
10385,2024-01-24,prior_review,사전적정성 검토 신청에 따른 결과에 관한 건,1 ㈜디사일로신 청 인 2 ㈜뱅크샐러드,"㈜디사일로와 ㈜뱅크샐러드는 별지 기재 방안을 준수하는 조건으로, 정보주체의 동의 없이 본 건 데이터를 동형암호화하여 통계값을 처리ㆍ제공이 가능하다.",0,,,,동의·고지 위반;안전조치 미흡,내부통제 및 안전조치 수준;동의 적법성
10387,2024-01-24,prior_review,사전적정성 검토 신청에 따른 결과에 관한 건,㈜벡터시스,"㈜벡터시스는 별지 기재 방안을 준수하는 조건으로, '선별관제 대상 이벤트’를 설정하여 산업시설 내 특정 사건ㆍ사고 상황만 탐지하고 안면인식 등 개인식별은 하지 않는다는 전제하에 정보주체의 동의 없이 솔루션 설치ㆍ운영이 가능하다.",0,,,,동의·고지 위반,동의 적법성
10389,2024-03-27,prior_review,사전적정성 검토 신청에 따른 결과에 관한 건,㈜비바리퍼블리카,"㈜비바리퍼블리카는 별지 기재 방안을 준수하는 조건으로, 안면정보 등록 단계에서 신분증의 고유식별정보(주민등록번호, 여권번호, 외국인등록번호)를 이용하여 신분증 진위확인 업무 수행이 가능하다.",0,,,,민감정보·고유식별정보,고유식별정보 포함 여부
10391,2024-06-26,prior_review,사전적정성 검토 신청에 따른 결과에 관한 건,한국도로공사,"한국도로공사는 별지 기재 방안을 준수하는 조건으로, 본건 '전좌석 안전띠 착용 검지 시스템’ 설치ㆍ운영이 가능하다.",0,,,,,
10393,2024-06-26,prior_review,사전적정성 검토 신청에 따른 결과에 관한 건,SK텔레콤㈜,"SK텔레콤㈜는 별지 기재 방안을 준수하는 조건으로, 본건 선택동의를 근거로 '공공조사용 가상번호 제공 서비스’ 업무 수행이 가능하다.",0,,,,동의·고지 위반,동의 적법성
10409,2024-10-23,prior_review,사전적정성 검토 신청에 따른 결과에 관한 건,,"는 별지 기재 방안을 준수하는 조건으로, 본건 '음성기반 의무기록 작성 지원 앱’ 서비스를 이용할 수 있다",0,,,,,
977,2018-04-09,privacy_impact_review,「개인정보 보호법」 일부개정안 (의안번호 12423) 의견 조회에 관한 건,,「개인정보 보호법」 일부개정안 (의안번호 12423) 의견 조회에 대해 별첨과 같이 제출한다.,0,,,,,
1069,2018-04-23,privacy_impact_review,「위치정보의 보호 및 이용 등에 관한 법률」 일부개정안 의견 조회에 관한 건,,"1. 「위치정보의 보호 및 이용 등에 관한 법률」(의안번호: 12588) 일부개정안에 신설되는 내용은 개인정보 보호 전반에 적용되는 기준이나 원칙의 성격을 지닌 내용이므로 「개인정보 보호법」에 규정할 필요가 있다는 의견을 제출한다.
2. 「위치정보의 보호 및 이용 등에 관한 법률」(의안번호: 12588) 일부개정안의 내용에 대한 구체적인 의견은 별첨과 같이 제출한다.",0,,,,,
55,2018-08-13,privacy_impact_review,「개인정보 보호법」 일부개정안 (의안번호 14281) 의견 조회에 관한 건,행정안전부장관,「개인정보 보호법」 일부개정안 (의안번호 14281) 의견 조회에 대해 별첨과 같이 제출한다.,0,,,,,
131,2018-08-13,privacy_impact_review,「개인정보 보호법」 일부개정안 (의안번호 14181) 의견 조회에 관한 건,행정안전부장관,「개인정보 보호법」 일부개정안 (의안번호 14181) 의견 조회에 대해 별첨과 같이 제출한다.,0,,,,,
127,2018-09-10,privacy_impact_review,「스마트도시 조성 및 산업진흥 등에 관한 법률」 일부개정안 (의안번호 14988) 의견 조회에 관한 건,,「스마트도시 조성 및 산업진흥 등에 관한 법률」 일부개정안 (의안번호 14988) 의견 조회에 대해 별첨과 같이 제출한다.,0,,,,,
39,2018-10-29,privacy_impact_review,「개인정보 보호법」 일부개정안 (의안번호 15478) 의견 조회에 관한 건,행정안전부장관,「개인정보 보호법」 일부개정안 (의안번호 15478) 의견 조회에 대해 별첨과 같이 제출한다.,0,,,,,
123,2018-10-29,privacy_impact_review,「개인정보 보호법」 일부개정안 (의안번호 15647) 의견 조회에 관한 건,행정안전부장관,「개인정보 보호법」 일부개정안 (의안번호 15647) 의견 조회에 대해 별첨과 같이 제출한다.,0,,,,,
1433,2019-03-11,privacy_impact_review,「개인정보 보호법」 일부개정안 (의안번호 18562) 의견 조회에 관한 건,행정안전부장관,「개인정보 보호법」 일부개정안 (의안번호 18562) 의견 조회에 대해 별첨과 같이 제출한다.,0,,,,,
1439,2019-05-13,privacy_impact_review,「개인정보 보호법」 일부개정안 (의안번호 19362) 의견 조회에 관한 건,행정안전부장관,「개인정보 보호법」 일부개정안 (의안번호 19362) 의견 조회에 대해 별첨과 같이 제출한다.,0,,,,,
1443,2019-05-13,privacy_impact_review,「개인정보 보호법」 일부개정안 (의안번호 19415) 의견 조회에 관한 건,행정안전부장관,「개인정보 보호법」 일부개정안 (의안번호 19415) 의견 조회에 대해 별첨과 같이 제출한다.,0,,,,,
1453,2019-05-27,privacy_impact_review,「개인정보 보호법」 일부개정안 (의안번호 18103) 의견 조회에 관한 건,행정안전부장관,「개인정보 보호법」 일부개정안 (의안번호 18103) 의견 조회에 대해 별첨과 같이 제출한다.,0,,,,,
1457,2019-08-12,privacy_impact_review,「개인정보 보호법」 일부개정안 (의안번호 20978) 의견 조회에 관한 건,행정안전부장관,「개인정보 보호법」 일부개정안 (의안번호 20978) 의견 조회에 대해 별첨과 같이 제출한다.,0,,,,,
191,2015-04-27,public_system_inspection,2016년도 개인정보보호 시행계획 의결 건,47개 중앙행정기관의 장,"감사원 등 46개 중앙행정기관의 「2016년도 개인정보보호 시행계획」을 붙임과 같이 의결하되, 행정자치부는 2015년 3월에 발생한 아이핀(I-PIN)사고의 대책 및 후속조치를 반영하여 시행계획을 보완하는 조건으로 의결한다.",0,,,제10조;제12조;제24조의2,유출·침해;동의·고지 위반;국외이전;안전조치 미흡;보유기간·파기 위반;영상정보 처리;아동 개인정보;민감정보·고유식별정보;처리위탁;정보주체 권리보장,고유식별정보 포함 여부;고의 또는 중과실;피해 발생 또는 위험 발생;사후 시정 노력;내부통제 및 안전조치 수준;제3자 제공 또는 위탁 구조;국외이전 고지·동의 여부
993,2016-04-25,public_system_inspection,2017년도 개인정보보호 시행계획 의결 건,47개 중앙행정기관의 장,감사원 등 47개 중앙행정기관의 「2017년도 개인정보보호 시행계획」을 붙임과 같이 의결한다.,0,,,제10조;제12조;제18조,유출·침해;동의·고지 위반;안전조치 미흡;영상정보 처리;처리위탁;정보주체 권리보장,피해 발생 또는 위험 발생;사후 시정 노력;내부통제 및 안전조치 수준;동의 적법성;제3자 제공 또는 위탁 구조
1029,2017-04-24,public_system_inspection,2018년 개인정보 보호 시행계획 의결 건,47개 중앙행정기관의 장,감사원 등 47개 중앙행정기관의 「2018년 개인정보 보호 시행계획」을 붙임과 같이 의결한다.,0,,,제10조;제12조;제29조,유출·침해;동의·고지 위반;안전조치 미흡;민감정보·고유식별정보;정보주체 권리보장,정보주체 규모;고유식별정보 포함 여부;피해 발생 또는 위험 발생;사후 시정 노력;내부통제 및 안전조치 수준;동의 적법성
987,2018-04-23,public_system_inspection,2019년 개인정보보호 시행계획 의결 건,48개 중앙행정기관의 장,감사원 등 48개 중앙행정기관의 「2019년 개인정보 보호 시행계획」을 붙임과 같이 의결한다.,0,,,제10조;제12조,유출·침해;동의·고지 위반;국외이전;민감정보·고유식별정보;정보주체 권리보장,정보주체 규모;고유식별정보 포함 여부;피해 발생 또는 위험 발생;사후 시정 노력;동의 적법성;국외이전 고지·동의 여부
6687,2023-12-27,public_system_inspection,공공기관 사전 실태점검 결과 등에 대한 개선권고에 관한 건,,"1. 피심인에 대하여 보호법 제61조제2항에 따라 개선을 권고한다.
가. 피심인은 집중관리시스템별 '10대 과제’ 미흡사항을 개선 한다.
나. 피심인은 가.의 권고 조치를 이행하고, 개선 권고 통지를 받은 날로부터 60일 이내에 개인정보보호위원회에 이행결과 및 계획을 제출한다.",1,개선권고,,제29조;제30조;제30조의2;제61조,유출·침해;안전조치 미흡,정보주체 규모;피해 발생 또는 위험 발생;사후 시정 노력;내부통제 및 안전조치 수준;제3자 제공 또는 위탁 구조
6691,2023-12-27,public_system_inspection,공공기관 사전 실태점검 결과 등에 대한 개선권고에 관한 건,,"1. 피심인에 대하여 보호법 제61조제2항에 따라 개선을 권고한다.
가. 피심인은 집중관리시스템별 '10대 과제’ 미흡사항을 개선 한다.
나. 피심인은 가.의 권고 조치를 이행하고, 개선 권고 통지를 받은 날로부터 60일 이내에 개인정보보호위원회에 이행결과 및 계획을 제출한다.",1,개선권고,,제29조;제30조;제30조의2;제61조,유출·침해;안전조치 미흡,정보주체 규모;피해 발생 또는 위험 발생;사후 시정 노력;내부통제 및 안전조치 수준;제3자 제공 또는 위탁 구조
6693,2023-12-27,public_system_inspection,공공기관 사전 실태점검 결과 등에 대한 개선권고에 관한 건,,"1. 피심인에 대하여 보호법 제61조제2항에 따라 개선을 권고한다.
가. 피심인은 집중관리시스템별 '10대 과제’ 미흡사항을 개선 한다.
나. 피심인은 가.의 권고 조치를 이행하고, 개선 권고 통지를 받은 날로부터 60일 이내에 개인정보보호위원회에 이행결과 및 계획을 제출한다.",1,개선권고,,제29조;제30조;제30조의2;제61조,유출·침해;안전조치 미흡,정보주체 규모;피해 발생 또는 위험 발생;사후 시정 노력;내부통제 및 안전조치 수준;제3자 제공 또는 위탁 구조
6695,2023-12-27,public_system_inspection,공공기관 사전 실태점검 결과 등에 대한 개선권고에 관한 건,,"1. 피심인에 대하여 보호법 제61조제2항에 따라 개선을 권고한다.
가. 피심인은 집중관리시스템별 '10대 과제’ 미흡사항을 개선 한다.
나. 피심인은 가.의 권고 조치를 이행하고, 개선 권고 통지를 받은 날로부터 60일 이내에 개인정보보호위원회에 이행결과 및 계획을 제출한다.",1,개선권고,,제29조;제30조;제30조의2;제61조,유출·침해;안전조치 미흡,정보주체 규모;피해 발생 또는 위험 발생;사후 시정 노력;내부통제 및 안전조치 수준;제3자 제공 또는 위탁 구조
6697,2023-12-27,public_system_inspection,공공기관 사전 실태점검 결과 등에 대한 개선권고에 관한 건,,"1. 피심인에 대하여 보호법 제61조제2항에 따라 개선을 권고한다.
가. 피심인은 집중관리시스템별 '10대 과제’ 미흡사항을 개선 한다.
나. 피심인은 가.의 권고 조치를 이행하고, 개선 권고 통지를 받은 날로부터 60일 이내에 개인정보보호위원회에 이행결과 및 계획을 제출한다.",1,개선권고,,제29조;제30조;제30조의2;제61조,유출·침해;안전조치 미흡,정보주체 규모;피해 발생 또는 위험 발생;사후 시정 노력;내부통제 및 안전조치 수준;제3자 제공 또는 위탁 구조
6699,2023-12-27,public_system_inspection,공공기관 사전 실태점검 결과 등에 대한 개선권고에 관한 건,,"1. 피심인에 대하여 보호법 제61조제2항에 따라 개선을 권고한다.
가. 피심인은 집중관리시스템별 '10대 과제’ 미흡사항을 개선 한다.
나. 피심인은 가.의 권고 조치를 이행하고, 개선 권고 통지를 받은 날로부터 60일 이내에 개인정보보호위원회에 이행결과 및 계획을 제출한다.",1,개선권고,,제29조;제30조;제30조의2;제61조,유출·침해;안전조치 미흡,정보주체 규모;피해 발생 또는 위험 발생;사후 시정 노력;내부통제 및 안전조치 수준;제3자 제공 또는 위탁 구조
6701,2023-12-27,public_system_inspection,공공기관 사전 실태점검 결과 등에 대한 개선권고에 관한 건,,"1. 피심인에 대하여 보호법 제61조제2항에 따라 개선을 권고한다.
가. 피심인은 집중관리시스템별 '10대 과제’ 미흡사항을 개선 한다.
나. 피심인은 가.의 권고 조치를 이행하고, 개선 권고 통지를 받은 날로부터 60일 이내에 개인정보보호위원회에 이행결과 및 계획을 제출한다.",1,개선권고,,제29조;제30조;제30조의2;제61조,유출·침해;안전조치 미흡,정보주체 규모;피해 발생 또는 위험 발생;사후 시정 노력;내부통제 및 안전조치 수준;제3자 제공 또는 위탁 구조
6703,2023-12-27,public_system_inspection,공공기관 사전 실태점검 결과 등에 대한 개선권고에 관한 건,,"1. 피심인에 대하여 보호법 제61조제2항에 따라 개선을 권고한다.
가. 피심인은 집중관리시스템별 '10대 과제’ 미흡사항을 개선 한다.
나. 피심인은 가.의 권고 조치를 이행하고, 개선 권고 통지를 받은 날로부터 60일 이내에 개인정보보호위원회에 이행결과 및 계획을 제출한다.",1,개선권고,,제29조;제30조;제30조의2;제61조,유출·침해;안전조치 미흡,정보주체 규모;피해 발생 또는 위험 발생;사후 시정 노력;내부통제 및 안전조치 수준;제3자 제공 또는 위탁 구조
